assay_chembl_id	#Compounds
CHEMBL5291828	1804
CHEMBL5291755	943
CHEMBL1909190	871
CHEMBL1794573	661
CHEMBL3301459	400
CHEMBL3301460	400
CHEMBL5737563	333
CHEMBL5732504	322
CHEMBL5732052	321
CHEMBL1827362	234
CHEMBL5291878	230
CHEMBL3888490	220
CHEMBL3883125	184
CHEMBL1676103	177
CHEMBL3803507	160
CHEMBL3705623	155
CHEMBL3880847	142
CHEMBL5732687	137
CHEMBL5733101	126
CHEMBL5737036	125
CHEMBL5735028	125
CHEMBL5733977	116
CHEMBL5291756	116
CHEMBL1614446	114
CHEMBL5734036	114
CHEMBL1027667	113
CHEMBL1034538	111
CHEMBL5732351	108
CHEMBL5733769	108
CHEMBL3887897	107
CHEMBL3705667	106
CHEMBL5731865	102
CHEMBL5739235	99
CHEMBL5730616	99
CHEMBL3855279	94
CHEMBL2384387	90
CHEMBL948183	82
CHEMBL3297246	81
CHEMBL5735005	76
CHEMBL1120719	75
CHEMBL829152	73
CHEMBL3419343	70
CHEMBL1121085	69
CHEMBL5738104	68
CHEMBL954102	66
CHEMBL766814	66
CHEMBL3707612	65
CHEMBL3776609	65
CHEMBL2071936	64
CHEMBL4831396	64
CHEMBL5735025	63
CHEMBL1116382	62
CHEMBL804532	61
CHEMBL4028623	59
CHEMBL3707668	59
CHEMBL5734466	58
CHEMBL5735756	58
CHEMBL3883126	58
CHEMBL3883127	58
CHEMBL4407343	57
CHEMBL5734464	57
CHEMBL2168490	56
CHEMBL3424851	56
CHEMBL3607541	56
CHEMBL1837909	56
CHEMBL4373220	55
CHEMBL2026493	55
CHEMBL827807	55
CHEMBL1107671	54
CHEMBL2168489	54
CHEMBL5215556	54
CHEMBL962309	52
CHEMBL903096	52
CHEMBL819367	52
CHEMBL906593	51
CHEMBL5622379	49
CHEMBL5622380	49
CHEMBL3369074	49
CHEMBL2045992	49
CHEMBL4392494	49
CHEMBL4356657	48
CHEMBL5739240	48
CHEMBL3423653	48
CHEMBL5147695	48
CHEMBL4833086	47
CHEMBL3779605	47
CHEMBL4030012	47
CHEMBL1057876	47
CHEMBL3419515	47
CHEMBL5129939	47
CHEMBL5731674	46
CHEMBL3591513	46
CHEMBL3591514	46
CHEMBL3591515	46
CHEMBL3591516	46
CHEMBL3591517	46
CHEMBL2160723	46
CHEMBL4629714	45
CHEMBL4046487	45
CHEMBL4046488	45
CHEMBL5735953	45
CHEMBL2342727	45
CHEMBL3428449	44
CHEMBL3132256	43
CHEMBL4388237	43
CHEMBL2330781	42
CHEMBL2184747	42
CHEMBL3583383	42
CHEMBL3705543	42
CHEMBL895464	42
CHEMBL4606283	42
CHEMBL4610754	42
CHEMBL2318190	41
CHEMBL3428450	41
CHEMBL1061741	41
CHEMBL2050727	41
CHEMBL927257	41
CHEMBL907268	40
CHEMBL909940	40
CHEMBL4416173	40
CHEMBL3791472	40
CHEMBL5130043	39
CHEMBL5535232	39
CHEMBL914755	39
CHEMBL5738979	39
CHEMBL3790417	39
CHEMBL4313840	39
CHEMBL1062483	39
CHEMBL1788065	39
CHEMBL1924724	39
CHEMBL2013637	39
CHEMBL2033832	39
CHEMBL2038474	38
CHEMBL4433046	38
CHEMBL3096732	37
CHEMBL2399368	37
CHEMBL1023674	37
CHEMBL943039	37
CHEMBL5038061	37
CHEMBL4428884	37
CHEMBL4478172	37
CHEMBL4004505	36
CHEMBL4009751	36
CHEMBL2021104	36
CHEMBL1810388	36
CHEMBL1810945	36
CHEMBL5251558	36
CHEMBL4706924	36
CHEMBL981857	36
CHEMBL931097	36
CHEMBL3855325	35
CHEMBL1831617	35
CHEMBL1799739	35
CHEMBL1259359	35
CHEMBL986351	35
CHEMBL5585462	35
CHEMBL4481758	35
CHEMBL4372228	34
CHEMBL4004503	34
CHEMBL2330875	34
CHEMBL1686107	34
CHEMBL1913542	34
CHEMBL1831618	34
CHEMBL940379	34
CHEMBL948146	34
CHEMBL4021478	33
CHEMBL1663820	33
CHEMBL1059865	33
CHEMBL1044431	33
CHEMBL1261450	33
CHEMBL2443482	33
CHEMBL2149458	33
CHEMBL2149459	33
CHEMBL3370463	33
CHEMBL5148466	33
CHEMBL5167326	33
CHEMBL5335598	32
CHEMBL5323881	32
CHEMBL4843281	32
CHEMBL856827	32
CHEMBL766816	32
CHEMBL660922	32
CHEMBL4153776	32
CHEMBL1063190	32
CHEMBL1056550	32
CHEMBL1118597	31
CHEMBL1225864	31
CHEMBL5365183	31
CHEMBL4671732	31
CHEMBL5738076	31
CHEMBL3372246	31
CHEMBL3057170	31
CHEMBL2071937	31
CHEMBL2072751	31
CHEMBL2072752	31
CHEMBL3227002	31
CHEMBL3390670	30
CHEMBL3118391	30
CHEMBL2444347	30
CHEMBL2426900	30
CHEMBL2148626	30
CHEMBL2160981	30
CHEMBL5260330	30
CHEMBL1954529	30
CHEMBL5622391	30
CHEMBL4734890	30
CHEMBL4843627	30
CHEMBL4339665	30
CHEMBL4627218	30
CHEMBL3803510	30
CHEMBL3615683	30
CHEMBL4195525	30
CHEMBL4221368	29
CHEMBL3743005	29
CHEMBL4236905	29
CHEMBL4236906	29
CHEMBL1924167	29
CHEMBL1839504	29
CHEMBL1106981	29
CHEMBL1106982	29
CHEMBL1100152	29
CHEMBL1045843	29
CHEMBL3391260	29
CHEMBL3047878	29
CHEMBL5581350	29
CHEMBL4676425	29
CHEMBL4614017	29
CHEMBL4689681	29
CHEMBL4820317	29
CHEMBL948900	29
CHEMBL2327304	28
CHEMBL2216324	28
CHEMBL4054845	28
CHEMBL4196392	28
CHEMBL3790041	28
CHEMBL3768210	28
CHEMBL1838313	28
CHEMBL1647979	28
CHEMBL2013639	28
CHEMBL1025527	28
CHEMBL1107888	28
CHEMBL1248651	28
CHEMBL853924	28
CHEMBL906594	28
CHEMBL947435	28
CHEMBL4706357	28
CHEMBL4354224	27
CHEMBL4675511	27
CHEMBL4675513	27
CHEMBL4809364	27
CHEMBL4431791	27
CHEMBL3636866	27
CHEMBL3706049	27
CHEMBL4312823	27
CHEMBL4058412	27
CHEMBL4037910	27
CHEMBL3825087	27
CHEMBL5735869	27
CHEMBL5738581	27
CHEMBL2411831	27
CHEMBL2182706	27
CHEMBL2210904	27
CHEMBL2166761	27
CHEMBL3119345	27
CHEMBL5365151	27
CHEMBL5238147	27
CHEMBL1042327	27
CHEMBL1042690	27
CHEMBL1260557	27
CHEMBL1799748	27
CHEMBL1115186	27
CHEMBL1115187	27
CHEMBL1116908	27
CHEMBL1121077	27
CHEMBL869839	27
CHEMBL863591	27
CHEMBL768687	26
CHEMBL5732169	26
CHEMBL4813111	26
CHEMBL4825323	26
CHEMBL5048865	26
CHEMBL5033455	26
CHEMBL3797009	26
CHEMBL4195808	26
CHEMBL4037438	26
CHEMBL4040124	26
CHEMBL1021966	26
CHEMBL1036929	26
CHEMBL1033089	26
CHEMBL1053229	26
CHEMBL1275133	26
CHEMBL1291783	26
CHEMBL2032798	26
CHEMBL1772211	26
CHEMBL1105740	26
CHEMBL2411830	26
CHEMBL5370215	26
CHEMBL5360427	26
CHEMBL5163410	25
CHEMBL4333772	25
CHEMBL4822453	25
CHEMBL954296	25
CHEMBL944827	25
CHEMBL5732259	25
CHEMBL5617770	25
CHEMBL2320519	25
CHEMBL3226991	25
CHEMBL3227234	25
CHEMBL2215146	25
CHEMBL3762972	25
CHEMBL3811490	25
CHEMBL4310495	25
CHEMBL4183120	25
CHEMBL1112305	25
CHEMBL1045845	25
CHEMBL1054533	25
CHEMBL1054534	25
CHEMBL1036922	25
CHEMBL1036923	25
CHEMBL1036924	25
CHEMBL1036925	25
CHEMBL1036926	25
CHEMBL1036927	25
CHEMBL1036928	25
CHEMBL1671552	25
CHEMBL1648563	25
CHEMBL2024805	25
CHEMBL2014817	24
CHEMBL2060137	24
CHEMBL1954401	24
CHEMBL1174018	24
CHEMBL1174019	24
CHEMBL1051701	24
CHEMBL1051709	24
CHEMBL1053972	24
CHEMBL1055806	24
CHEMBL1924405	24
CHEMBL886338	24
CHEMBL5381577	24
CHEMBL5347182	24
CHEMBL3868329	24
CHEMBL4021976	24
CHEMBL768699	24
CHEMBL3294033	24
CHEMBL2186062	24
CHEMBL2328742	24
CHEMBL3270057	24
CHEMBL3296720	23
CHEMBL2396015	23
CHEMBL2382572	23
CHEMBL2216323	23
CHEMBL3056066	23
CHEMBL3047075	23
CHEMBL2091536	23
CHEMBL5373257	23
CHEMBL5373258	23
CHEMBL1120514	23
CHEMBL1110020	23
CHEMBL2026860	23
CHEMBL1670069	23
CHEMBL1068017	23
CHEMBL1047320	23
CHEMBL1048874	23
CHEMBL1273916	23
CHEMBL1273917	23
CHEMBL841101	23
CHEMBL865039	23
CHEMBL886667	23
CHEMBL984535	23
CHEMBL5731263	23
CHEMBL5736066	23
CHEMBL682905	23
CHEMBL4376105	23
CHEMBL4825561	23
CHEMBL4012201	23
CHEMBL3888930	23
CHEMBL3755637	23
CHEMBL4157558	22
CHEMBL3869650	22
CHEMBL4004312	22
CHEMBL4057949	22
CHEMBL3611641	22
CHEMBL3602726	22
CHEMBL4251894	22
CHEMBL1275178	22
CHEMBL1786160	22
CHEMBL1071416	22
CHEMBL1024606	22
CHEMBL1024607	22
CHEMBL1020710	22
CHEMBL1020711	22
CHEMBL1764797	22
CHEMBL2186472	22
CHEMBL3119938	22
CHEMBL3119942	22
CHEMBL3366645	22
CHEMBL3383394	22
CHEMBL5320697	22
CHEMBL5252388	22
CHEMBL4841563	22
CHEMBL4414323	22
CHEMBL944378	22
CHEMBL949251	22
CHEMBL924360	22
CHEMBL866525	22
CHEMBL867368	22
CHEMBL682313	22
CHEMBL767061	22
CHEMBL5737001	22
CHEMBL785241	22
CHEMBL770456	21
CHEMBL660040	21
CHEMBL5735887	21
CHEMBL2379703	21
CHEMBL2318058	21
CHEMBL2346009	21
CHEMBL3223963	21
CHEMBL3240911	21
CHEMBL3395117	21
CHEMBL3387119	21
CHEMBL2444437	21
CHEMBL4260925	21
CHEMBL4047735	21
CHEMBL4188738	21
CHEMBL3866778	21
CHEMBL3866779	21
CHEMBL3866780	21
CHEMBL3607786	21
CHEMBL1838283	21
CHEMBL1780626	21
CHEMBL1293148	21
CHEMBL1943910	21
CHEMBL2013360	21
CHEMBL2020695	21
CHEMBL1225828	21
CHEMBL832277	21
CHEMBL819364	21
CHEMBL972465	21
CHEMBL910704	21
CHEMBL4810581	21
CHEMBL4619017	21
CHEMBL4433750	21
CHEMBL4723228	21
CHEMBL4724814	21
CHEMBL4671572	20
CHEMBL5034164	20
CHEMBL4195906	20
CHEMBL4188047	20
CHEMBL4137526	20
CHEMBL3858850	20
CHEMBL3804567	20
CHEMBL5588210	20
CHEMBL654396	20
CHEMBL2318750	20
CHEMBL3226599	20
CHEMBL3404543	20
CHEMBL3404544	20
CHEMBL5389101	20
CHEMBL5146134	20
CHEMBL5147704	20
CHEMBL5133360	20
CHEMBL1061548	20
CHEMBL1764269	20
CHEMBL1919743	20
CHEMBL1781193	20
CHEMBL1108890	20
CHEMBL2034394	20
CHEMBL1001516	20
CHEMBL889315	20
CHEMBL976148	20
CHEMBL981950	20
CHEMBL962058	20
CHEMBL962059	20
CHEMBL963244	20
CHEMBL989030	20
CHEMBL841905	20
CHEMBL886903	19
CHEMBL956578	19
CHEMBL816205	19
CHEMBL5730898	19
CHEMBL5734655	19
CHEMBL4775388	19
CHEMBL4326143	19
CHEMBL4623819	19
CHEMBL4701493	19
CHEMBL3610296	19
CHEMBL3611367	19
CHEMBL3598727	19
CHEMBL3994269	19
CHEMBL4051672	19
CHEMBL1022012	19
CHEMBL1762952	19
CHEMBL1063073	19
CHEMBL1051852	19
CHEMBL1648352	19
CHEMBL2044875	19
CHEMBL1219226	19
CHEMBL1219227	19
CHEMBL2350555	19
CHEMBL2338825	19
CHEMBL2411001	19
CHEMBL2073369	19
CHEMBL2214096	19
CHEMBL3396464	19
CHEMBL5152033	19
CHEMBL5160040	19
CHEMBL5252391	19
CHEMBL5531274	19
CHEMBL5578846	19
CHEMBL5097928	18
CHEMBL5357868	18
CHEMBL4704019	18
CHEMBL4706796	18
CHEMBL4701902	18
CHEMBL4367272	18
CHEMBL923046	18
CHEMBL954169	18
CHEMBL976416	18
CHEMBL5738029	18
CHEMBL772772	18
CHEMBL3377656	18
CHEMBL3129034	18
CHEMBL4017815	18
CHEMBL4019656	18
CHEMBL4143975	18
CHEMBL4195200	18
CHEMBL4224424	18
CHEMBL4224584	18
CHEMBL3880655	18
CHEMBL1064182	18
CHEMBL1036648	18
CHEMBL1816746	18
CHEMBL1913067	18
CHEMBL2021109	18
CHEMBL2039336	18
CHEMBL2013363	17
CHEMBL2061641	17
CHEMBL1039568	17
CHEMBL1176236	17
CHEMBL1060931	17
CHEMBL1074123	17
CHEMBL1074124	17
CHEMBL1820233	17
CHEMBL1826877	17
CHEMBL948532	17
CHEMBL899624	17
CHEMBL854892	17
CHEMBL897699	17
CHEMBL5105654	17
CHEMBL5055693	17
CHEMBL5097926	17
CHEMBL5393330	17
CHEMBL5351164	17
CHEMBL5351165	17
CHEMBL5323638	17
CHEMBL4669217	17
CHEMBL3865333	17
CHEMBL3880649	17
CHEMBL3880652	17
CHEMBL3880653	17
CHEMBL3880654	17
CHEMBL3811489	17
CHEMBL3813329	17
CHEMBL4186330	17
CHEMBL4056897	17
CHEMBL691014	17
CHEMBL5731991	17
CHEMBL5732990	17
CHEMBL2411100	17
CHEMBL2437987	17
CHEMBL2168045	17
CHEMBL2150564	17
CHEMBL2390341	17
CHEMBL2404197	17
CHEMBL3268715	17
CHEMBL3090534	16
CHEMBL3413736	16
CHEMBL2216275	16
CHEMBL2168569	16
CHEMBL5513838	16
CHEMBL5249646	16
CHEMBL5360237	16
CHEMBL5393312	16
CHEMBL5393329	16
CHEMBL1820401	16
CHEMBL1820402	16
CHEMBL1111711	16
CHEMBL1119163	16
CHEMBL1177037	16
CHEMBL1958785	16
CHEMBL2033879	16
CHEMBL1022593	16
CHEMBL1055593	16
CHEMBL1292296	16
CHEMBL1293077	16
CHEMBL854534	16
CHEMBL854890	16
CHEMBL933193	16
CHEMBL771384	16
CHEMBL5732140	16
CHEMBL5734332	16
CHEMBL5735720	16
CHEMBL5736241	16
CHEMBL5738851	16
CHEMBL5730850	16
CHEMBL4393244	16
CHEMBL4604972	16
CHEMBL4431053	16
CHEMBL4766130	16
CHEMBL4675676	16
CHEMBL4623822	16
CHEMBL4615929	16
CHEMBL4122825	16
CHEMBL4122826	16
CHEMBL4022285	16
CHEMBL4030710	16
CHEMBL3887159	16
CHEMBL3888917	16
CHEMBL3870967	16
CHEMBL3767785	16
CHEMBL3806757	16
CHEMBL3813326	16
CHEMBL3602620	16
CHEMBL4200746	16
CHEMBL4199970	15
CHEMBL4199971	15
CHEMBL3883128	15
CHEMBL4124683	15
CHEMBL4033008	15
CHEMBL4036596	15
CHEMBL4011543	15
CHEMBL3801624	15
CHEMBL4315950	15
CHEMBL1291160	15
CHEMBL2032544	15
CHEMBL1961127	15
CHEMBL2051348	15
CHEMBL1047805	15
CHEMBL1048092	15
CHEMBL1027247	15
CHEMBL2187790	15
CHEMBL2209547	15
CHEMBL3090651	15
CHEMBL3223680	15
CHEMBL3361754	15
CHEMBL3418525	15
CHEMBL2319031	15
CHEMBL5319832	15
CHEMBL5365659	15
CHEMBL5135948	15
CHEMBL5239937	15
CHEMBL5259045	15
CHEMBL4629713	15
CHEMBL5039199	15
CHEMBL4706009	15
CHEMBL4414124	15
CHEMBL860568	15
CHEMBL861449	15
CHEMBL824627	15
CHEMBL768695	15
CHEMBL5731487	15
CHEMBL5638899	15
CHEMBL666481	14
CHEMBL3243551	14
CHEMBL2184359	14
CHEMBL2072491	14
CHEMBL2072927	14
CHEMBL2188959	14
CHEMBL3096555	14
CHEMBL3102091	14
CHEMBL2439735	14
CHEMBL2439737	14
CHEMBL4233115	14
CHEMBL4233116	14
CHEMBL4233117	14
CHEMBL3992697	14
CHEMBL3998583	14
CHEMBL3998584	14
CHEMBL3888195	14
CHEMBL3772524	14
CHEMBL4021025	14
CHEMBL4027502	14
CHEMBL4036852	14
CHEMBL3610078	14
CHEMBL1803706	14
CHEMBL1647137	14
CHEMBL1936096	14
CHEMBL1225700	14
CHEMBL1175154	14
CHEMBL1073649	14
CHEMBL871230	14
CHEMBL940929	14
CHEMBL830651	14
CHEMBL5133258	14
CHEMBL5156196	14
CHEMBL5142864	14
CHEMBL5387422	14
CHEMBL4809369	14
CHEMBL4366089	14
CHEMBL4681389	14
CHEMBL4677231	14
CHEMBL4611392	14
CHEMBL5038533	14
CHEMBL5039908	14
CHEMBL5041728	14
CHEMBL4880791	14
CHEMBL4880792	14
CHEMBL4410497	14
CHEMBL4427809	14
CHEMBL4717446	14
CHEMBL4704384	14
CHEMBL4707280	14
CHEMBL4728777	14
CHEMBL4321995	14
CHEMBL4329577	13
CHEMBL4340978	13
CHEMBL4373005	13
CHEMBL4834663	13
CHEMBL4481698	13
CHEMBL4427468	13
CHEMBL4429529	13
CHEMBL4178742	13
CHEMBL4135532	13
CHEMBL4055940	13
CHEMBL4015498	13
CHEMBL4042710	13
CHEMBL3880277	13
CHEMBL3997333	13
CHEMBL3767768	13
CHEMBL3767769	13
CHEMBL3811492	13
CHEMBL5737567	13
CHEMBL5731003	13
CHEMBL700074	13
CHEMBL2187784	13
CHEMBL2187785	13
CHEMBL2187786	13
CHEMBL2210522	13
CHEMBL3389028	13
CHEMBL3419125	13
CHEMBL3424852	13
CHEMBL5317214	13
CHEMBL5121792	13
CHEMBL5516903	13
CHEMBL5516905	13
CHEMBL5136536	13
CHEMBL1068016	13
CHEMBL1042532	13
CHEMBL1670716	13
CHEMBL1763073	13
CHEMBL1767985	13
CHEMBL1787512	13
CHEMBL1803471	13
CHEMBL1107892	13
CHEMBL1121075	13
CHEMBL2060804	13
CHEMBL1947877	13
CHEMBL1931723	13
CHEMBL1931724	13
CHEMBL1932121	13
CHEMBL1938198	13
CHEMBL1039122	13
CHEMBL1023476	13
CHEMBL1007470	13
CHEMBL875187	13
CHEMBL927950	13
CHEMBL913858	13
CHEMBL988836	13
CHEMBL941016	13
CHEMBL944859	12
CHEMBL908975	12
CHEMBL928561	12
CHEMBL854894	12
CHEMBL820995	12
CHEMBL820996	12
CHEMBL887480	12
CHEMBL868863	12
CHEMBL858932	12
CHEMBL865929	12
CHEMBL664887	12
CHEMBL5737885	12
CHEMBL4430051	12
CHEMBL4818897	12
CHEMBL4769893	12
CHEMBL4349819	12
CHEMBL4351263	12
CHEMBL4685406	12
CHEMBL4616477	12
CHEMBL4837020	12
CHEMBL4706939	12
CHEMBL3767767	12
CHEMBL3813501	12
CHEMBL4272647	12
CHEMBL4269600	12
CHEMBL4122429	12
CHEMBL1011901	12
CHEMBL1671071	12
CHEMBL1657598	12
CHEMBL1648607	12
CHEMBL1953525	12
CHEMBL1961077	12
CHEMBL2013641	12
CHEMBL1938199	12
CHEMBL1217370	12
CHEMBL1120468	12
CHEMBL3587702	12
CHEMBL2344015	12
CHEMBL2330780	12
CHEMBL2092048	12
CHEMBL2214095	12
CHEMBL3374659	12
CHEMBL3378637	12
CHEMBL3378789	12
CHEMBL5261566	12
CHEMBL5381741	12
CHEMBL5584721	12
CHEMBL5510789	12
CHEMBL5324508	12
CHEMBL5131293	12
CHEMBL5110781	11
CHEMBL5377365	11
CHEMBL5377366	11
CHEMBL5377367	11
CHEMBL5249647	11
CHEMBL5223847	11
CHEMBL5223848	11
CHEMBL5225841	11
CHEMBL5254107	11
CHEMBL5523086	11
CHEMBL5531576	11
CHEMBL4703153	11
CHEMBL4718826	11
CHEMBL4731898	11
CHEMBL4355799	11
CHEMBL4355800	11
CHEMBL4355801	11
CHEMBL4427858	11
CHEMBL4409081	11
CHEMBL4414026	11
CHEMBL4808322	11
CHEMBL4622580	11
CHEMBL4683752	11
CHEMBL4679371	11
CHEMBL4679763	11
CHEMBL5037696	11
CHEMBL5044152	11
CHEMBL5046094	11
CHEMBL4840124	11
CHEMBL4843290	11
CHEMBL832278	11
CHEMBL948485	11
CHEMBL944326	11
CHEMBL903410	11
CHEMBL869626	11
CHEMBL5739084	11
CHEMBL5739275	11
CHEMBL3365826	11
CHEMBL3380409	11
CHEMBL3381617	11
CHEMBL3061541	11
CHEMBL3579079	11
CHEMBL2340120	11
CHEMBL3268319	11
CHEMBL2162878	11
CHEMBL2168855	11
CHEMBL4041102	11
CHEMBL3736648	11
CHEMBL3736649	11
CHEMBL4308576	11
CHEMBL4056221	11
CHEMBL4137010	11
CHEMBL4050158	11
CHEMBL3858245	11
CHEMBL1219663	11
CHEMBL1110812	11
CHEMBL1121074	11
CHEMBL1051047	11
CHEMBL1034067	11
CHEMBL1781402	11
CHEMBL1274536	11
CHEMBL1635449	11
CHEMBL2060290	11
CHEMBL2033332	10
CHEMBL1020033	10
CHEMBL1211587	10
CHEMBL1225490	10
CHEMBL1107054	10
CHEMBL1639762	10
CHEMBL1291557	10
CHEMBL1614262	10
CHEMBL1273173	10
CHEMBL1657597	10
CHEMBL1840125	10
CHEMBL868944	10
CHEMBL889047	10
CHEMBL853270	10
CHEMBL930660	10
CHEMBL5164097	10
CHEMBL5136953	10
CHEMBL5160513	10
CHEMBL5098616	10
CHEMBL5442367	10
CHEMBL5584875	10
CHEMBL5584876	10
CHEMBL4839289	10
CHEMBL4843634	10
CHEMBL4880831	10
CHEMBL5046649	10
CHEMBL5048808	10
CHEMBL4413821	10
CHEMBL4428885	10
CHEMBL4403243	10
CHEMBL4709255	10
CHEMBL4624483	10
CHEMBL4626210	10
CHEMBL4681405	10
CHEMBL4678538	10
CHEMBL4812957	10
CHEMBL4830030	10
CHEMBL4818301	10
CHEMBL4391984	10
CHEMBL4392036	10
CHEMBL4388216	10
CHEMBL3865060	10
CHEMBL3789775	10
CHEMBL3806692	10
CHEMBL4013831	10
CHEMBL4016564	10
CHEMBL3706371	10
CHEMBL3630418	10
CHEMBL3749265	10
CHEMBL3750698	10
CHEMBL4155390	10
CHEMBL4201937	10
CHEMBL4270242	10
CHEMBL4264023	10
CHEMBL4255046	10
CHEMBL4144996	10
CHEMBL4055831	10
CHEMBL4151701	10
CHEMBL5731629	10
CHEMBL5735396	10
CHEMBL5621454	10
CHEMBL768689	10
CHEMBL3423786	10
CHEMBL3374870	10
CHEMBL3364871	10
CHEMBL2173630	10
CHEMBL2184356	10
CHEMBL2350608	10
CHEMBL2352672	10
CHEMBL2339143	10
CHEMBL3266700	10
CHEMBL3268528	9
CHEMBL3378079	9
CHEMBL3296306	9
CHEMBL3129316	9
CHEMBL3419072	9
CHEMBL3425006	9
CHEMBL2396019	9
CHEMBL2384768	9
CHEMBL2215806	9
CHEMBL2320518	9
CHEMBL2427860	9
CHEMBL2427861	9
CHEMBL2168044	9
CHEMBL2154697	9
CHEMBL2208508	9
CHEMBL2173974	9
CHEMBL5338527	9
CHEMBL5316578	9
CHEMBL5130009	9
CHEMBL5156635	9
CHEMBL5156636	9
CHEMBL5374379	9
CHEMBL5379185	9
CHEMBL5441443	9
CHEMBL5441444	9
CHEMBL1837910	9
CHEMBL1827211	9
CHEMBL1787949	9
CHEMBL1105771	9
CHEMBL2049748	9
CHEMBL2061643	9
CHEMBL2034393	9
CHEMBL1030736	9
CHEMBL1027290	9
CHEMBL1633019	9
CHEMBL902717	9
CHEMBL903477	9
CHEMBL968700	9
CHEMBL944718	9
CHEMBL853272	9
CHEMBL5734919	9
CHEMBL5735271	9
CHEMBL5610157	9
CHEMBL5621970	9
CHEMBL660923	9
CHEMBL686879	9
CHEMBL4845170	9
CHEMBL4827648	9
CHEMBL4827649	9
CHEMBL4331542	9
CHEMBL4676423	9
CHEMBL4624348	9
CHEMBL4135221	9
CHEMBL4137254	9
CHEMBL4004026	9
CHEMBL4004027	9
CHEMBL3889183	9
CHEMBL3776784	9
CHEMBL3812630	9
CHEMBL4236893	9
CHEMBL3614618	9
CHEMBL4195585	8
CHEMBL4200760	8
CHEMBL4221872	8
CHEMBL4180224	8
CHEMBL4181722	8
CHEMBL3859635	8
CHEMBL3861882	8
CHEMBL3861883	8
CHEMBL3865242	8
CHEMBL4131395	8
CHEMBL4048003	8
CHEMBL4149876	8
CHEMBL4122310	8
CHEMBL4136264	8
CHEMBL4030033	8
CHEMBL4015502	8
CHEMBL3611882	8
CHEMBL3611883	8
CHEMBL3615686	8
CHEMBL3607755	8
CHEMBL3797007	8
CHEMBL3806618	8
CHEMBL4313152	8
CHEMBL4270206	8
CHEMBL4265449	8
CHEMBL4255622	8
CHEMBL1647981	8
CHEMBL1287098	8
CHEMBL2013523	8
CHEMBL2051179	8
CHEMBL1918473	8
CHEMBL1781401	8
CHEMBL1108768	8
CHEMBL1054110	8
CHEMBL1103133	8
CHEMBL1104433	8
CHEMBL1069497	8
CHEMBL1050865	8
CHEMBL1051824	8
CHEMBL1059781	8
CHEMBL1685549	8
CHEMBL1771845	8
CHEMBL2182408	8
CHEMBL2173338	8
CHEMBL2210902	8
CHEMBL3117583	8
CHEMBL3224839	8
CHEMBL3293609	8
CHEMBL3369983	8
CHEMBL3385491	8
CHEMBL3295963	8
CHEMBL3381295	8
CHEMBL3579786	8
CHEMBL3588589	8
CHEMBL2406355	8
CHEMBL2390223	8
CHEMBL5534842	8
CHEMBL5554846	8
CHEMBL5521546	8
CHEMBL5344084	8
CHEMBL5344086	8
CHEMBL5337477	8
CHEMBL5354414	8
CHEMBL5354415	8
CHEMBL5354416	8
CHEMBL5146135	8
CHEMBL5253362	8
CHEMBL5248058	8
CHEMBL4843635	8
CHEMBL4384705	8
CHEMBL4734892	8
CHEMBL4734908	8
CHEMBL4719471	8
CHEMBL4331643	8
CHEMBL4605649	8
CHEMBL4765969	8
CHEMBL4774539	8
CHEMBL4811862	8
CHEMBL839576	8
CHEMBL835271	8
CHEMBL819393	8
CHEMBL886473	8
CHEMBL887127	8
CHEMBL923047	8
CHEMBL927771	8
CHEMBL984727	8
CHEMBL653728	8
CHEMBL653730	8
CHEMBL653732	8
CHEMBL5731381	8
CHEMBL5731943	8
CHEMBL5733885	8
CHEMBL5734394	8
CHEMBL768686	7
CHEMBL768952	7
CHEMBL660033	7
CHEMBL660545	7
CHEMBL703975	7
CHEMBL5737981	7
CHEMBL5739517	7
CHEMBL2400450	7
CHEMBL3291637	7
CHEMBL3292131	7
CHEMBL3266651	7
CHEMBL2162322	7
CHEMBL2186754	7
CHEMBL3096002	7
CHEMBL3096731	7
CHEMBL3591007	7
CHEMBL3578413	7
CHEMBL3578665	7
CHEMBL3382984	7
CHEMBL3396429	7
CHEMBL3371004	7
CHEMBL3385851	7
CHEMBL4270205	7
CHEMBL4137009	7
CHEMBL4151929	7
CHEMBL4047402	7
CHEMBL3864816	7
CHEMBL3999906	7
CHEMBL3999907	7
CHEMBL3999908	7
CHEMBL3887163	7
CHEMBL3807664	7
CHEMBL4012449	7
CHEMBL3606549	7
CHEMBL3607542	7
CHEMBL3620197	7
CHEMBL1819702	7
CHEMBL1839209	7
CHEMBL1839633	7
CHEMBL1816132	7
CHEMBL1260554	7
CHEMBL2021110	7
CHEMBL2021111	7
CHEMBL1016403	7
CHEMBL1004593	7
CHEMBL1039970	7
CHEMBL952419	7
CHEMBL905110	7
CHEMBL822598	7
CHEMBL888509	7
CHEMBL859790	7
CHEMBL876248	7
CHEMBL5226013	7
CHEMBL5259991	7
CHEMBL5260121	7
CHEMBL5328592	7
CHEMBL5584720	7
CHEMBL5463751	7
CHEMBL5463762	7
CHEMBL5521450	7
CHEMBL5155276	7
CHEMBL5155596	7
CHEMBL5104430	7
CHEMBL5114275	7
CHEMBL5378342	7
CHEMBL4810688	7
CHEMBL4373010	7
CHEMBL4373011	7
CHEMBL4377385	7
CHEMBL4672099	7
CHEMBL4624241	7
CHEMBL5036402	7
CHEMBL4839718	7
CHEMBL5037534	7
CHEMBL4410390	7
CHEMBL4481699	7
CHEMBL4406249	7
CHEMBL4406698	7
CHEMBL4414831	7
CHEMBL4418047	7
CHEMBL4724830	7
CHEMBL4703538	7
CHEMBL4709471	7
CHEMBL4339725	6
CHEMBL4341639	6
CHEMBL4341641	6
CHEMBL4351264	6
CHEMBL4354033	6
CHEMBL4622189	6
CHEMBL4681585	6
CHEMBL4678423	6
CHEMBL4610870	6
CHEMBL4670564	6
CHEMBL4628362	6
CHEMBL4831696	6
CHEMBL4821061	6
CHEMBL4739474	6
CHEMBL4739475	6
CHEMBL4373140	6
CHEMBL4375191	6
CHEMBL4380720	6
CHEMBL4400294	6
CHEMBL4734891	6
CHEMBL4734907	6
CHEMBL4704286	6
CHEMBL4880904	6
CHEMBL5049079	6
CHEMBL5041658	6
CHEMBL5041659	6
CHEMBL5041660	6
CHEMBL5042780	6
CHEMBL4843250	6
CHEMBL4413347	6
CHEMBL4605025	6
CHEMBL4415858	6
CHEMBL3611135	6
CHEMBL3619842	6
CHEMBL3736641	6
CHEMBL3607787	6
CHEMBL3631371	6
CHEMBL4181645	6
CHEMBL4193795	6
CHEMBL4316969	6
CHEMBL4254808	6
CHEMBL4255809	6
CHEMBL4266935	6
CHEMBL4052364	6
CHEMBL4032610	6
CHEMBL4045110	6
CHEMBL3880757	6
CHEMBL3869648	6
CHEMBL3878769	6
CHEMBL3992698	6
CHEMBL5622384	6
CHEMBL5622385	6
CHEMBL5634341	6
CHEMBL660547	6
CHEMBL660921	6
CHEMBL684971	6
CHEMBL687507	6
CHEMBL659866	6
CHEMBL796995	6
CHEMBL766804	6
CHEMBL5731265	6
CHEMBL5732343	6
CHEMBL5733108	6
CHEMBL5739201	6
CHEMBL2444175	6
CHEMBL2411862	6
CHEMBL2150640	6
CHEMBL2211966	6
CHEMBL2162879	6
CHEMBL2216274	6
CHEMBL2327410	6
CHEMBL2404382	6
CHEMBL2390363	6
CHEMBL3291975	6
CHEMBL3226215	6
CHEMBL3215094	6
CHEMBL3367864	6
CHEMBL3369365	6
CHEMBL3371482	6
CHEMBL3371912	6
CHEMBL3385853	6
CHEMBL3386699	6
CHEMBL3375414	6
CHEMBL3378104	6
CHEMBL3096729	6
CHEMBL3124427	6
CHEMBL3594793	6
CHEMBL3429920	6
CHEMBL3584390	6
CHEMBL5363737	6
CHEMBL5363738	6
CHEMBL5363739	6
CHEMBL5548364	6
CHEMBL5534419	6
CHEMBL5577197	6
CHEMBL5236161	6
CHEMBL5237932	6
CHEMBL5247304	6
CHEMBL5224245	6
CHEMBL5259442	6
CHEMBL5318426	6
CHEMBL5320104	6
CHEMBL5149776	6
CHEMBL1048091	6
CHEMBL1052905	6
CHEMBL1073582	6
CHEMBL1042376	6
CHEMBL1059726	6
CHEMBL1292008	6
CHEMBL1274957	6
CHEMBL1646064	6
CHEMBL1647669	6
CHEMBL1663351	6
CHEMBL1686824	6
CHEMBL1816994	6
CHEMBL1819700	6
CHEMBL1827186	6
CHEMBL1918337	6
CHEMBL1832111	6
CHEMBL1107480	6
CHEMBL1107481	6
CHEMBL1107673	6
CHEMBL1113040	6
CHEMBL1175788	6
CHEMBL1175789	6
CHEMBL1175790	6
CHEMBL2032545	6
CHEMBL2032591	6
CHEMBL1954425	6
CHEMBL1936933	6
CHEMBL2044584	6
CHEMBL1014963	6
CHEMBL1018632	6
CHEMBL1021907	6
CHEMBL1023104	6
CHEMBL988126	6
CHEMBL815524	6
CHEMBL854891	6
CHEMBL829261	6
CHEMBL943040	6
CHEMBL943783	6
CHEMBL949428	6
CHEMBL927230	6
CHEMBL906899	6
CHEMBL908639	6
CHEMBL939830	6
CHEMBL889313	6
CHEMBL889314	6
CHEMBL865594	6
CHEMBL870286	5
CHEMBL870287	5
CHEMBL867936	5
CHEMBL954009	5
CHEMBL998044	5
CHEMBL898851	5
CHEMBL906898	5
CHEMBL914758	5
CHEMBL5629612	5
CHEMBL5610156	5
CHEMBL653731	5
CHEMBL662305	5
CHEMBL5730347	5
CHEMBL4424285	5
CHEMBL4427201	5
CHEMBL4427471	5
CHEMBL4430311	5
CHEMBL4809418	5
CHEMBL4812667	5
CHEMBL4821175	5
CHEMBL4828916	5
CHEMBL4817671	5
CHEMBL4324297	5
CHEMBL4354044	5
CHEMBL4629737	5
CHEMBL4629738	5
CHEMBL4629796	5
CHEMBL4680981	5
CHEMBL4684627	5
CHEMBL4622581	5
CHEMBL4624402	5
CHEMBL4619942	5
CHEMBL4669424	5
CHEMBL4672097	5
CHEMBL4676137	5
CHEMBL4679707	5
CHEMBL4606403	5
CHEMBL4836048	5
CHEMBL4836049	5
CHEMBL5031859	5
CHEMBL5042445	5
CHEMBL4392943	5
CHEMBL4373138	5
CHEMBL4373139	5
CHEMBL4375199	5
CHEMBL4399583	5
CHEMBL4703517	5
CHEMBL4687846	5
CHEMBL3813468	5
CHEMBL3803792	5
CHEMBL3829953	5
CHEMBL4237146	5
CHEMBL4303779	5
CHEMBL4269690	5
CHEMBL3635896	5
CHEMBL3625781	5
CHEMBL3630432	5
CHEMBL3631137	5
CHEMBL3618954	5
CHEMBL3602657	5
CHEMBL3742790	5
CHEMBL3742792	5
CHEMBL3743003	5
CHEMBL4184343	5
CHEMBL4179672	5
CHEMBL4201404	5
CHEMBL4223820	5
CHEMBL4195809	5
CHEMBL4199666	5
CHEMBL4199985	5
CHEMBL4199986	5
CHEMBL4001612	5
CHEMBL4003819	5
CHEMBL4004321	5
CHEMBL3888300	5
CHEMBL3889058	5
CHEMBL3871742	5
CHEMBL3997635	5
CHEMBL3879991	5
CHEMBL4123931	5
CHEMBL4054757	5
CHEMBL4036198	5
CHEMBL1017620	5
CHEMBL1018131	5
CHEMBL1011698	5
CHEMBL1024556	5
CHEMBL1001517	5
CHEMBL1764303	5
CHEMBL1767981	5
CHEMBL1767983	5
CHEMBL1104217	5
CHEMBL1646507	5
CHEMBL1647515	5
CHEMBL1647941	5
CHEMBL1291445	5
CHEMBL1273286	5
CHEMBL2020857	5
CHEMBL1948885	5
CHEMBL1953526	5
CHEMBL1954570	5
CHEMBL2066265	5
CHEMBL1936097	5
CHEMBL2040132	5
CHEMBL1816131	5
CHEMBL1827185	5
CHEMBL1827878	5
CHEMBL1837922	5
CHEMBL1913194	5
CHEMBL1918925	5
CHEMBL1772391	5
CHEMBL1227232	5
CHEMBL1117343	5
CHEMBL1119164	5
CHEMBL1119996	5
CHEMBL1111982	5
CHEMBL1112964	5
CHEMBL3582606	5
CHEMBL3412492	5
CHEMBL3420397	5
CHEMBL2340399	5
CHEMBL2343015	5
CHEMBL2330583	5
CHEMBL2422534	5
CHEMBL2423441	5
CHEMBL2424465	5
CHEMBL2417298	5
CHEMBL2154364	5
CHEMBL2187242	5
CHEMBL2188943	5
CHEMBL2176358	5
CHEMBL2149604	5
CHEMBL2211387	5
CHEMBL2215143	5
CHEMBL3100173	5
CHEMBL3112307	5
CHEMBL3117317	5
CHEMBL3128678	5
CHEMBL3128856	5
CHEMBL3128857	5
CHEMBL3224193	5
CHEMBL3224838	5
CHEMBL3367333	5
CHEMBL3367865	5
CHEMBL3377716	5
CHEMBL3396797	5
CHEMBL5151023	5
CHEMBL5168509	5
CHEMBL5158270	5
CHEMBL5139593	5
CHEMBL5380718	5
CHEMBL5582147	5
CHEMBL5582149	5
CHEMBL5582150	5
CHEMBL5550341	5
CHEMBL5547655	5
CHEMBL5547883	5
CHEMBL5516904	5
CHEMBL5343725	5
CHEMBL5347669	5
CHEMBL5109448	5
CHEMBL5107306	5
CHEMBL5116276	4
CHEMBL5117269	4
CHEMBL5130457	4
CHEMBL5130458	4
CHEMBL5130514	4
CHEMBL5215423	4
CHEMBL5133256	4
CHEMBL5233428	4
CHEMBL5225675	4
CHEMBL5226275	4
CHEMBL5255157	4
CHEMBL5255853	4
CHEMBL5255854	4
CHEMBL5255855	4
CHEMBL5255856	4
CHEMBL5330685	4
CHEMBL5525767	4
CHEMBL5530931	4
CHEMBL5547881	4
CHEMBL5538734	4
CHEMBL5511808	4
CHEMBL5520755	4
CHEMBL5520756	4
CHEMBL5521592	4
CHEMBL5521593	4
CHEMBL4709848	4
CHEMBL4716871	4
CHEMBL4723905	4
CHEMBL4732339	4
CHEMBL4359448	4
CHEMBL4345249	4
CHEMBL4321008	4
CHEMBL4322077	4
CHEMBL4426446	4
CHEMBL4424287	4
CHEMBL4424288	4
CHEMBL4432469	4
CHEMBL4433285	4
CHEMBL4480013	4
CHEMBL4410909	4
CHEMBL4605858	4
CHEMBL4605859	4
CHEMBL4404882	4
CHEMBL4770548	4
CHEMBL4832854	4
CHEMBL4810281	4
CHEMBL4826208	4
CHEMBL4765970	4
CHEMBL4766286	4
CHEMBL4766428	4
CHEMBL4367691	4
CHEMBL4367692	4
CHEMBL4383858	4
CHEMBL4384747	4
CHEMBL4372490	4
CHEMBL4605958	4
CHEMBL4630549	4
CHEMBL4678073	4
CHEMBL4615832	4
CHEMBL4619106	4
CHEMBL4834317	4
CHEMBL4834318	4
CHEMBL4835203	4
CHEMBL5043763	4
CHEMBL5043764	4
CHEMBL5047399	4
CHEMBL5034278	4
CHEMBL5034587	4
CHEMBL5036401	4
CHEMBL5036625	4
CHEMBL4843253	4
CHEMBL933468	4
CHEMBL907269	4
CHEMBL939877	4
CHEMBL986141	4
CHEMBL993079	4
CHEMBL993708	4
CHEMBL870781	4
CHEMBL886905	4
CHEMBL865567	4
CHEMBL866509	4
CHEMBL859701	4
CHEMBL953933	4
CHEMBL975252	4
CHEMBL968701	4
CHEMBL943782	4
CHEMBL815525	4
CHEMBL855968	4
CHEMBL856405	4
CHEMBL827704	4
CHEMBL827842	4
CHEMBL827947	4
CHEMBL829377	4
CHEMBL5731266	4
CHEMBL5731980	4
CHEMBL5733754	4
CHEMBL5734918	4
CHEMBL5734969	4
CHEMBL5737357	4
CHEMBL5737481	4
CHEMBL5626252	4
CHEMBL5628161	4
CHEMBL5588136	4
CHEMBL3361668	4
CHEMBL3381618	4
CHEMBL3391347	4
CHEMBL3368014	4
CHEMBL3373953	4
CHEMBL3374297	4
CHEMBL2443479	4
CHEMBL2424274	4
CHEMBL2429418	4
CHEMBL2417289	4
CHEMBL3406745	4
CHEMBL3413543	4
CHEMBL3414402	4
CHEMBL3591006	4
CHEMBL3420851	4
CHEMBL3428433	4
CHEMBL2404993	4
CHEMBL2404994	4
CHEMBL2404995	4
CHEMBL2393913	4
CHEMBL2327767	4
CHEMBL2329729	4
CHEMBL2330395	4
CHEMBL2330396	4
CHEMBL2330743	4
CHEMBL2330779	4
CHEMBL2317008	4
CHEMBL2320190	4
CHEMBL2345730	4
CHEMBL3223962	4
CHEMBL3225969	4
CHEMBL3265847	4
CHEMBL3268200	4
CHEMBL2150658	4
CHEMBL2153967	4
CHEMBL2160405	4
CHEMBL2160806	4
CHEMBL2166760	4
CHEMBL2167881	4
CHEMBL3074982	4
CHEMBL3090833	4
CHEMBL3128676	4
CHEMBL4012329	4
CHEMBL4013657	4
CHEMBL4026835	4
CHEMBL4010387	4
CHEMBL4042408	4
CHEMBL4042409	4
CHEMBL4046796	4
CHEMBL4030416	4
CHEMBL4017746	4
CHEMBL4019810	4
CHEMBL4022306	4
CHEMBL3738362	4
CHEMBL3738365	4
CHEMBL3738384	4
CHEMBL3635936	4
CHEMBL3762781	4
CHEMBL3744556	4
CHEMBL3750583	4
CHEMBL3602645	4
CHEMBL3768879	4
CHEMBL3789676	4
CHEMBL3821620	4
CHEMBL3806884	4
CHEMBL3807113	4
CHEMBL3807114	4
CHEMBL3807115	4
CHEMBL3807756	4
CHEMBL3813331	4
CHEMBL3815836	4
CHEMBL4261225	4
CHEMBL4261226	4
CHEMBL4261227	4
CHEMBL4275130	4
CHEMBL4276588	4
CHEMBL4235077	4
CHEMBL4235080	4
CHEMBL4310146	4
CHEMBL4312205	4
CHEMBL4312207	4
CHEMBL4312208	4
CHEMBL4270326	4
CHEMBL4270327	4
CHEMBL4270328	4
CHEMBL4057904	4
CHEMBL4121772	4
CHEMBL4150477	4
CHEMBL4124696	4
CHEMBL4125229	4
CHEMBL4047367	4
CHEMBL4051888	4
CHEMBL4200762	4
CHEMBL4200990	4
CHEMBL4196409	4
CHEMBL3858444	4
CHEMBL3859699	4
CHEMBL3889176	4
CHEMBL3864496	4
CHEMBL3864901	4
CHEMBL3869719	4
CHEMBL3872986	4
CHEMBL3994405	4
CHEMBL3994406	4
CHEMBL1211615	4
CHEMBL1219104	4
CHEMBL1174519	4
CHEMBL1106513	4
CHEMBL1106514	4
CHEMBL1106530	4
CHEMBL1106535	4
CHEMBL1110017	4
CHEMBL1226090	4
CHEMBL1227350	4
CHEMBL1228485	4
CHEMBL1118090	4
CHEMBL1119165	4
CHEMBL1120225	4
CHEMBL1120746	4
CHEMBL1045136	4
CHEMBL1061556	4
CHEMBL1063963	4
CHEMBL1065725	4
CHEMBL1070001	4
CHEMBL1019465	4
CHEMBL1027668	4
CHEMBL1686219	4
CHEMBL1687412	4
CHEMBL1763220	4
CHEMBL1771850	4
CHEMBL1805938	4
CHEMBL1918380	4
CHEMBL1918926	4
CHEMBL1918927	4
CHEMBL1831776	4
CHEMBL1837361	4
CHEMBL1839210	4
CHEMBL1839299	4
CHEMBL1645659	4
CHEMBL1272925	4
CHEMBL2014322	4
CHEMBL2014814	4
CHEMBL2020831	4
CHEMBL2021017	4
CHEMBL2025095	4
CHEMBL2026015	4
CHEMBL1952486	4
CHEMBL1954142	4
CHEMBL2027643	4
CHEMBL2037696	4
CHEMBL1959242	4
CHEMBL1959247	4
CHEMBL1959248	4
CHEMBL1959249	4
CHEMBL1959250	4
CHEMBL1959251	4
CHEMBL1958902	3
CHEMBL2013365	3
CHEMBL2044730	3
CHEMBL2051144	3
CHEMBL2065451	3
CHEMBL2026526	3
CHEMBL2026865	3
CHEMBL1948791	3
CHEMBL1954571	3
CHEMBL1936658	3
CHEMBL1942853	3
CHEMBL1942854	3
CHEMBL1039906	3
CHEMBL1039907	3
CHEMBL1011672	3
CHEMBL1011674	3
CHEMBL1011676	3
CHEMBL1011677	3
CHEMBL1021997	3
CHEMBL1022018	3
CHEMBL1121059	3
CHEMBL1211744	3
CHEMBL1211976	3
CHEMBL1218978	3
CHEMBL1227661	3
CHEMBL1105770	3
CHEMBL1106557	3
CHEMBL1248763	3
CHEMBL1101904	3
CHEMBL1060930	3
CHEMBL1062741	3
CHEMBL1041067	3
CHEMBL1041068	3
CHEMBL1054535	3
CHEMBL1069754	3
CHEMBL1070389	3
CHEMBL1070849	3
CHEMBL1072651	3
CHEMBL1647980	3
CHEMBL1614368	3
CHEMBL1273164	3
CHEMBL1680289	3
CHEMBL1687437	3
CHEMBL1664415	3
CHEMBL1764302	3
CHEMBL1767984	3
CHEMBL1656347	3
CHEMBL1837923	3
CHEMBL1837925	3
CHEMBL1804921	3
CHEMBL1805939	3
CHEMBL1810637	3
CHEMBL1780458	3
CHEMBL1780459	3
CHEMBL1816830	3
CHEMBL1820248	3
CHEMBL1820249	3
CHEMBL1820250	3
CHEMBL1820251	3
CHEMBL1820252	3
CHEMBL1820828	3
CHEMBL1918580	3
CHEMBL834953	3
CHEMBL820994	3
CHEMBL854582	3
CHEMBL854893	3
CHEMBL859791	3
CHEMBL861279	3
CHEMBL893743	3
CHEMBL896496	3
CHEMBL889312	3
CHEMBL864202	3
CHEMBL864852	3
CHEMBL867172	3
CHEMBL868204	3
CHEMBL868205	3
CHEMBL903920	3
CHEMBL929421	3
CHEMBL993590	3
CHEMBL948118	3
CHEMBL950430	3
CHEMBL972461	3
CHEMBL940932	3
CHEMBL979037	3
CHEMBL5511455	3
CHEMBL5511456	3
CHEMBL5512092	3
CHEMBL5516741	3
CHEMBL5516742	3
CHEMBL5520854	3
CHEMBL5520855	3
CHEMBL5520856	3
CHEMBL5520857	3
CHEMBL5521024	3
CHEMBL5165162	3
CHEMBL5166087	3
CHEMBL5140411	3
CHEMBL5142723	3
CHEMBL5167771	3
CHEMBL5168166	3
CHEMBL5145947	3
CHEMBL5148069	3
CHEMBL5148711	3
CHEMBL5135461	3
CHEMBL5155949	3
CHEMBL5157217	3
CHEMBL5129830	3
CHEMBL5129831	3
CHEMBL5129832	3
CHEMBL5129884	3
CHEMBL5131218	3
CHEMBL5050591	3
CHEMBL5117065	3
CHEMBL5117664	3
CHEMBL5110782	3
CHEMBL5112590	3
CHEMBL5112832	3
CHEMBL5125534	3
CHEMBL5361572	3
CHEMBL5384537	3
CHEMBL5388468	3
CHEMBL5389038	3
CHEMBL5392513	3
CHEMBL5536487	3
CHEMBL5539762	3
CHEMBL5539808	3
CHEMBL5585351	3
CHEMBL5585808	3
CHEMBL5586363	3
CHEMBL5586364	3
CHEMBL5579616	3
CHEMBL5546325	3
CHEMBL5549260	3
CHEMBL5531414	3
CHEMBL5257220	3
CHEMBL5259050	3
CHEMBL5236892	3
CHEMBL5224985	3
CHEMBL5330315	3
CHEMBL5330686	3
CHEMBL5332470	3
CHEMBL5316910	3
CHEMBL5335441	3
CHEMBL4843252	3
CHEMBL4843604	3
CHEMBL4835111	3
CHEMBL5041214	3
CHEMBL5041215	3
CHEMBL5041216	3
CHEMBL5041721	3
CHEMBL4845171	3
CHEMBL5031795	3
CHEMBL5034211	3
CHEMBL5034585	3
CHEMBL5034586	3
CHEMBL5037162	3
CHEMBL5043389	3
CHEMBL5046103	3
CHEMBL4413744	3
CHEMBL4415876	3
CHEMBL4424856	3
CHEMBL4403945	3
CHEMBL4406769	3
CHEMBL4605642	3
CHEMBL4731940	3
CHEMBL4734906	3
CHEMBL4728068	3
CHEMBL4729407	3
CHEMBL4729409	3
CHEMBL4712777	3
CHEMBL4700475	3
CHEMBL4701757	3
CHEMBL4701758	3
CHEMBL4714168	3
CHEMBL4715413	3
CHEMBL4715414	3
CHEMBL4721729	3
CHEMBL4724812	3
CHEMBL4356659	3
CHEMBL4331782	3
CHEMBL4332217	3
CHEMBL4342657	3
CHEMBL4340219	3
CHEMBL4669232	3
CHEMBL4667950	3
CHEMBL4606516	3
CHEMBL4610755	3
CHEMBL4611417	3
CHEMBL4614748	3
CHEMBL4616470	3
CHEMBL4678145	3
CHEMBL4679362	3
CHEMBL4737841	3
CHEMBL4766385	3
CHEMBL4809419	3
CHEMBL4810689	3
CHEMBL4810690	3
CHEMBL4810691	3
CHEMBL4770549	3
CHEMBL4828532	3
CHEMBL4832310	3
CHEMBL4808721	3
CHEMBL4822454	3
CHEMBL4818032	3
CHEMBL4393834	3
CHEMBL4393835	3
CHEMBL4393837	3
CHEMBL4393839	3
CHEMBL4394729	3
CHEMBL4362471	3
CHEMBL4364034	3
CHEMBL4367399	3
CHEMBL4369880	3
CHEMBL4373076	3
CHEMBL4374649	3
CHEMBL4374650	3
CHEMBL4381402	3
CHEMBL3997734	3
CHEMBL3997735	3
CHEMBL4003820	3
CHEMBL3887158	3
CHEMBL3887508	3
CHEMBL3865122	3
CHEMBL3865492	3
CHEMBL3865493	3
CHEMBL3865494	3
CHEMBL3868264	3
CHEMBL3868265	3
CHEMBL3868266	3
CHEMBL3868328	3
CHEMBL3789410	3
CHEMBL3807652	3
CHEMBL3807653	3
CHEMBL3807654	3
CHEMBL3807655	3
CHEMBL3803791	3
CHEMBL4017034	3
CHEMBL4021708	3
CHEMBL4027662	3
CHEMBL4036195	3
CHEMBL4036812	3
CHEMBL4036825	3
CHEMBL4036826	3
CHEMBL4037342	3
CHEMBL4015500	3
CHEMBL4015596	3
CHEMBL4004722	3
CHEMBL4007981	3
CHEMBL4041603	3
CHEMBL4041928	3
CHEMBL3602290	3
CHEMBL3606444	3
CHEMBL3744110	3
CHEMBL3627070	3
CHEMBL3630980	3
CHEMBL3630981	3
CHEMBL3761659	3
CHEMBL3762406	3
CHEMBL3766108	3
CHEMBL4183068	3
CHEMBL4188524	3
CHEMBL4156817	3
CHEMBL4222828	3
CHEMBL4223709	3
CHEMBL4224020	3
CHEMBL4224343	3
CHEMBL4224344	3
CHEMBL4158633	3
CHEMBL4158756	3
CHEMBL4180169	3
CHEMBL4180171	3
CHEMBL4181299	3
CHEMBL4181570	3
CHEMBL4275131	3
CHEMBL4305236	3
CHEMBL4256591	3
CHEMBL4257703	3
CHEMBL4257728	3
CHEMBL4047413	3
CHEMBL4047676	3
CHEMBL4049285	3
CHEMBL4051786	3
CHEMBL4051787	3
CHEMBL4052295	3
CHEMBL4124237	3
CHEMBL4134825	3
CHEMBL4137255	3
CHEMBL5730062	3
CHEMBL706154	3
CHEMBL700075	3
CHEMBL5739058	3
CHEMBL5732671	3
CHEMBL5735616	3
CHEMBL5634413	3
CHEMBL5589183	3
CHEMBL5609895	3
CHEMBL5611059	3
CHEMBL5611060	3
CHEMBL655369	3
CHEMBL656260	3
CHEMBL659152	3
CHEMBL660543	3
CHEMBL3123230	3
CHEMBL3097141	3
CHEMBL3118368	3
CHEMBL3096733	3
CHEMBL3419126	3
CHEMBL3578618	3
CHEMBL3579944	3
CHEMBL3583384	3
CHEMBL3407223	3
CHEMBL3590902	3
CHEMBL3590915	3
CHEMBL3591805	3
CHEMBL3363795	3
CHEMBL3363797	3
CHEMBL3363798	3
CHEMBL3363799	3
CHEMBL3367517	3
CHEMBL3385976	3
CHEMBL3390017	3
CHEMBL3293920	3
CHEMBL3295404	3
CHEMBL3295909	3
CHEMBL3361669	3
CHEMBL3368358	3
CHEMBL3368359	3
CHEMBL3372415	3
CHEMBL3379633	3
CHEMBL3398704	3
CHEMBL3399089	3
CHEMBL2412857	3
CHEMBL2424139	3
CHEMBL2447591	3
CHEMBL2162323	3
CHEMBL2168561	3
CHEMBL2073329	3
CHEMBL2215193	3
CHEMBL2185328	3
CHEMBL2188723	3
CHEMBL2173537	3
CHEMBL2184102	3
CHEMBL2157805	3
CHEMBL2157810	3
CHEMBL2160410	3
CHEMBL2160411	3
CHEMBL2149440	3
CHEMBL2405371	3
CHEMBL2406366	3
CHEMBL2384313	3
CHEMBL3225271	3
CHEMBL3226254	3
CHEMBL3239511	3
CHEMBL3240534	3
CHEMBL3241472	3
CHEMBL3292514	3
CHEMBL3268527	2
CHEMBL3268691	2
CHEMBL3224183	2
CHEMBL3224857	2
CHEMBL3225974	2
CHEMBL3241723	2
CHEMBL3242069	2
CHEMBL3242070	2
CHEMBL3242071	2
CHEMBL3242072	2
CHEMBL3242073	2
CHEMBL3243209	2
CHEMBL3396351	2
CHEMBL3396520	2
CHEMBL3387701	2
CHEMBL3374871	2
CHEMBL3378638	2
CHEMBL3378646	2
CHEMBL3362989	2
CHEMBL3363907	2
CHEMBL3364596	2
CHEMBL3366617	2
CHEMBL3380165	2
CHEMBL3382404	2
CHEMBL3382553	2
CHEMBL3382692	2
CHEMBL3382693	2
CHEMBL3294274	2
CHEMBL3295453	2
CHEMBL3296755	2
CHEMBL3368017	2
CHEMBL3368018	2
CHEMBL3370429	2
CHEMBL3370430	2
CHEMBL3096370	2
CHEMBL3123331	2
CHEMBL3123626	2
CHEMBL3128589	2
CHEMBL3129033	2
CHEMBL3130759	2
CHEMBL3130896	2
CHEMBL3117581	2
CHEMBL3117598	2
CHEMBL3419081	2
CHEMBL3419127	2
CHEMBL3420425	2
CHEMBL3420642	2
CHEMBL3420643	2
CHEMBL3420644	2
CHEMBL3420645	2
CHEMBL3420646	2
CHEMBL3421062	2
CHEMBL3424107	2
CHEMBL3424160	2
CHEMBL3579943	2
CHEMBL3582736	2
CHEMBL3591008	2
CHEMBL3591518	2
CHEMBL3591519	2
CHEMBL3594777	2
CHEMBL3411134	2
CHEMBL3412836	2
CHEMBL3413194	2
CHEMBL3413549	2
CHEMBL3414401	2
CHEMBL2329731	2
CHEMBL2330319	2
CHEMBL2330323	2
CHEMBL2330715	2
CHEMBL2400451	2
CHEMBL2400452	2
CHEMBL2400453	2
CHEMBL2400454	2
CHEMBL2400455	2
CHEMBL2400456	2
CHEMBL2406353	2
CHEMBL2406780	2
CHEMBL2388202	2
CHEMBL2389760	2
CHEMBL2394849	2
CHEMBL2395206	2
CHEMBL2395207	2
CHEMBL2384079	2
CHEMBL2384851	2
CHEMBL2340694	2
CHEMBL2343703	2
CHEMBL2344471	2
CHEMBL2216273	2
CHEMBL2318069	2
CHEMBL2318297	2
CHEMBL2433139	2
CHEMBL2439936	2
CHEMBL2410296	2
CHEMBL2415345	2
CHEMBL2445975	2
CHEMBL2445976	2
CHEMBL2445977	2
CHEMBL2445978	2
CHEMBL2422129	2
CHEMBL2422131	2
CHEMBL2422133	2
CHEMBL2429415	2
CHEMBL2089540	2
CHEMBL2091208	2
CHEMBL2114010	2
CHEMBL2148627	2
CHEMBL2150356	2
CHEMBL2161976	2
CHEMBL2167265	2
CHEMBL2168470	2
CHEMBL2071956	2
CHEMBL2072739	2
CHEMBL2187791	2
CHEMBL2188237	2
CHEMBL2208705	2
CHEMBL2173968	2
CHEMBL2176468	2
CHEMBL2184669	2
CHEMBL5326840	2
CHEMBL5326841	2
CHEMBL5326843	2
CHEMBL5327984	2
CHEMBL5328504	2
CHEMBL5328741	2
CHEMBL5347868	2
CHEMBL5350354	2
CHEMBL5351415	2
CHEMBL5352788	2
CHEMBL5330438	2
CHEMBL5334006	2
CHEMBL5335061	2
CHEMBL5341349	2
CHEMBL5337078	2
CHEMBL5337264	2
CHEMBL5338534	2
CHEMBL5264214	2
CHEMBL5316803	2
CHEMBL5317031	2
CHEMBL5319037	2
CHEMBL5119715	2
CHEMBL5123730	2
CHEMBL5050156	2
CHEMBL5054318	2
CHEMBL5054319	2
CHEMBL5055701	2
CHEMBL5098619	2
CHEMBL5100478	2
CHEMBL5104970	2
CHEMBL5129510	2
CHEMBL5129991	2
CHEMBL5130010	2
CHEMBL5130108	2
CHEMBL5108155	2
CHEMBL5111957	2
CHEMBL5116012	2
CHEMBL5116305	2
CHEMBL5116306	2
CHEMBL5117278	2
CHEMBL5117280	2
CHEMBL5117281	2
CHEMBL5057160	2
CHEMBL5058034	2
CHEMBL5097460	2
CHEMBL5510148	2
CHEMBL5512769	2
CHEMBL5515077	2
CHEMBL5515560	2
CHEMBL5501763	2
CHEMBL5516220	2
CHEMBL5516756	2
CHEMBL5503990	2
CHEMBL5503997	2
CHEMBL5503998	2
CHEMBL5161214	2
CHEMBL5161391	2
CHEMBL5141625	2
CHEMBL5141991	2
CHEMBL5142020	2
CHEMBL5142532	2
CHEMBL5142760	2
CHEMBL5154497	2
CHEMBL5133221	2
CHEMBL5133272	2
CHEMBL5134245	2
CHEMBL5136077	2
CHEMBL5136558	2
CHEMBL5168419	2
CHEMBL5168664	2
CHEMBL5145948	2
CHEMBL5146707	2
CHEMBL5147244	2
CHEMBL5148609	2
CHEMBL5216639	2
CHEMBL5217822	2
CHEMBL5217823	2
CHEMBL5218154	2
CHEMBL5223507	2
CHEMBL5224988	2
CHEMBL5225022	2
CHEMBL5225845	2
CHEMBL5225990	2
CHEMBL5243034	2
CHEMBL5257221	2
CHEMBL5259448	2
CHEMBL5260116	2
CHEMBL5261578	2
CHEMBL5247186	2
CHEMBL5247187	2
CHEMBL5232746	2
CHEMBL5234321	2
CHEMBL5234322	2
CHEMBL5234323	2
CHEMBL5236676	2
CHEMBL5238213	2
CHEMBL5251044	2
CHEMBL5354037	2
CHEMBL5356383	2
CHEMBL5357935	2
CHEMBL5358237	2
CHEMBL5362172	2
CHEMBL5363761	2
CHEMBL5374431	2
CHEMBL5375455	2
CHEMBL5375739	2
CHEMBL5375740	2
CHEMBL5375741	2
CHEMBL5376724	2
CHEMBL5377244	2
CHEMBL5379386	2
CHEMBL5381145	2
CHEMBL5365195	2
CHEMBL5365873	2
CHEMBL5366637	2
CHEMBL5370114	2
CHEMBL5370115	2
CHEMBL5384192	2
CHEMBL5386813	2
CHEMBL5388466	2
CHEMBL5391052	2
CHEMBL5393065	2
CHEMBL5528606	2
CHEMBL5530782	2
CHEMBL5531210	2
CHEMBL5531339	2
CHEMBL5554281	2
CHEMBL5554826	2
CHEMBL5577748	2
CHEMBL5577749	2
CHEMBL5578650	2
CHEMBL5535166	2
CHEMBL5537402	2
CHEMBL5581977	2
CHEMBL5582341	2
CHEMBL5585352	2
CHEMBL5586995	2
CHEMBL5522442	2
CHEMBL5522443	2
CHEMBL5522444	2
CHEMBL5522522	2
CHEMBL5522523	2
CHEMBL5522524	2
CHEMBL5546400	2
CHEMBL5547463	2
CHEMBL5547947	2
CHEMBL1918331	2
CHEMBL1918922	2
CHEMBL1920312	2
CHEMBL1920313	2
CHEMBL1772132	2
CHEMBL1772133	2
CHEMBL1776942	2
CHEMBL1781362	2
CHEMBL1781363	2
CHEMBL1781403	2
CHEMBL1785980	2
CHEMBL1837522	2
CHEMBL1837524	2
CHEMBL1837924	2
CHEMBL1838399	2
CHEMBL1816996	2
CHEMBL1817370	2
CHEMBL1817371	2
CHEMBL1817372	2
CHEMBL1817373	2
CHEMBL1817374	2
CHEMBL1817376	2
CHEMBL1819701	2
CHEMBL1825563	2
CHEMBL1787063	2
CHEMBL1787185	2
CHEMBL1787497	2
CHEMBL1787952	2
CHEMBL1799749	2
CHEMBL1803665	2
CHEMBL1925760	2
CHEMBL1111587	2
CHEMBL1111712	2
CHEMBL1112218	2
CHEMBL1113809	2
CHEMBL1114387	2
CHEMBL1116644	2
CHEMBL1118606	2
CHEMBL1118846	2
CHEMBL1118858	2
CHEMBL1119785	2
CHEMBL1120476	2
CHEMBL1120660	2
CHEMBL1120664	2
CHEMBL1121076	2
CHEMBL1106923	2
CHEMBL1108729	2
CHEMBL1109288	2
CHEMBL1110021	2
CHEMBL1110022	2
CHEMBL1219105	2
CHEMBL1227789	2
CHEMBL1937493	2
CHEMBL1938176	2
CHEMBL1942962	2
CHEMBL2043698	2
CHEMBL1959635	2
CHEMBL1960000	2
CHEMBL1960174	2
CHEMBL2013361	2
CHEMBL2013362	2
CHEMBL2013364	2
CHEMBL2013640	2
CHEMBL2019965	2
CHEMBL2020459	2
CHEMBL2020460	2
CHEMBL2021018	2
CHEMBL2025328	2
CHEMBL1947513	2
CHEMBL1947795	2
CHEMBL1947928	2
CHEMBL1952450	2
CHEMBL1954560	2
CHEMBL2065232	2
CHEMBL2026445	2
CHEMBL2026806	2
CHEMBL2032908	2
CHEMBL2034769	2
CHEMBL1034068	2
CHEMBL1003701	2
CHEMBL1026571	2
CHEMBL1027669	2
CHEMBL1008907	2
CHEMBL1038976	2
CHEMBL1039278	2
CHEMBL1011678	2
CHEMBL1013717	2
CHEMBL1013741	2
CHEMBL1686265	2
CHEMBL1764592	2
CHEMBL1769661	2
CHEMBL1070712	2
CHEMBL1070850	2
CHEMBL1072032	2
CHEMBL1074664	2
CHEMBL1040540	2
CHEMBL1043534	2
CHEMBL1103407	2
CHEMBL1060824	2
CHEMBL1063193	2
CHEMBL1065722	2
CHEMBL1069062	2
CHEMBL1272891	2
CHEMBL1272892	2
CHEMBL1647083	2
CHEMBL1291240	2
CHEMBL1292027	2
CHEMBL958151	2
CHEMBL958152	2
CHEMBL947755	2
CHEMBL947993	2
CHEMBL950337	2
CHEMBL968970	2
CHEMBL973619	2
CHEMBL975423	2
CHEMBL940933	2
CHEMBL940937	2
CHEMBL940958	2
CHEMBL941012	2
CHEMBL943380	2
CHEMBL944709	2
CHEMBL922329	2
CHEMBL912233	2
CHEMBL902576	2
CHEMBL903467	2
CHEMBL907684	2
CHEMBL928680	2
CHEMBL930350	2
CHEMBL932292	2
CHEMBL932572	2
CHEMBL934350	2
CHEMBL923065	2
CHEMBL925077	2
CHEMBL927770	2
CHEMBL827855	2
CHEMBL828008	2
CHEMBL854887	2
CHEMBL854888	2
CHEMBL854895	2
CHEMBL864204	2
CHEMBL866526	2
CHEMBL866681	2
CHEMBL868467	2
CHEMBL895478	2
CHEMBL895925	2
CHEMBL862268	2
CHEMBL890046	2
CHEMBL869841	2
CHEMBL869869	2
CHEMBL870149	2
CHEMBL768688	2
CHEMBL768696	2
CHEMBL768697	2
CHEMBL5733044	2
CHEMBL5738788	2
CHEMBL5697032	2
CHEMBL5697033	2
CHEMBL5697034	2
CHEMBL5697035	2
CHEMBL5697037	2
CHEMBL5710520	2
CHEMBL5710523	2
CHEMBL5710524	2
CHEMBL5682674	2
CHEMBL5682675	2
CHEMBL5682676	2
CHEMBL5682677	2
CHEMBL5682679	2
CHEMBL691013	2
CHEMBL694796	2
CHEMBL694797	2
CHEMBL5617227	2
CHEMBL5635916	2
CHEMBL5636427	2
CHEMBL5637591	2
CHEMBL5626861	2
CHEMBL5628631	2
CHEMBL5628689	2
CHEMBL5628735	2
CHEMBL5588430	2
CHEMBL5588431	2
CHEMBL5609108	2
CHEMBL5609492	2
CHEMBL654395	2
CHEMBL654575	2
CHEMBL650906	2
CHEMBL653729	2
CHEMBL4385381	2
CHEMBL4386458	2
CHEMBL4388920	2
CHEMBL4388921	2
CHEMBL4360358	2
CHEMBL4364983	2
CHEMBL4395863	2
CHEMBL4396291	2
CHEMBL4396793	2
CHEMBL4397934	2
CHEMBL4390915	2
CHEMBL4378054	2
CHEMBL4380954	2
CHEMBL4383075	2
CHEMBL4366133	2
CHEMBL4370144	2
CHEMBL4370359	2
CHEMBL4370899	2
CHEMBL4370907	2
CHEMBL4372271	2
CHEMBL4373387	2
CHEMBL4375018	2
CHEMBL4719894	2
CHEMBL4724824	2
CHEMBL4725052	2
CHEMBL4726747	2
CHEMBL4728563	2
CHEMBL4729806	2
CHEMBL4730753	2
CHEMBL4732703	2
CHEMBL4734893	2
CHEMBL4734909	2
CHEMBL4737759	2
CHEMBL4703601	2
CHEMBL4714257	2
CHEMBL4709270	2
CHEMBL4712828	2
CHEMBL4689504	2
CHEMBL4700775	2
CHEMBL4701061	2
CHEMBL4701231	2
CHEMBL5030399	2
CHEMBL5037926	2
CHEMBL5039207	2
CHEMBL5039672	2
CHEMBL5041052	2
CHEMBL5042359	2
CHEMBL4840017	2
CHEMBL4840588	2
CHEMBL4842131	2
CHEMBL4834375	2
CHEMBL4836570	2
CHEMBL5045627	2
CHEMBL5049098	2
CHEMBL5049099	2
CHEMBL5049100	2
CHEMBL4844934	2
CHEMBL4844935	2
CHEMBL4845081	2
CHEMBL4845082	2
CHEMBL4845470	2
CHEMBL4845604	2
CHEMBL5032808	2
CHEMBL5034487	2
CHEMBL5035159	2
CHEMBL5035505	2
CHEMBL5036685	2
CHEMBL5037161	2
CHEMBL4481700	2
CHEMBL4605420	2
CHEMBL4605421	2
CHEMBL4605422	2
CHEMBL4426368	2
CHEMBL4431079	2
CHEMBL4413880	2
CHEMBL4414860	2
CHEMBL4434339	2
CHEMBL4478742	2
CHEMBL4478769	2
CHEMBL4424286	2
CHEMBL4403846	2
CHEMBL4820822	2
CHEMBL4774139	2
CHEMBL4739122	2
CHEMBL4742499	2
CHEMBL4766000	2
CHEMBL4809366	2
CHEMBL4809422	2
CHEMBL4810166	2
CHEMBL4813156	2
CHEMBL4813173	2
CHEMBL4822033	2
CHEMBL4822034	2
CHEMBL4822035	2
CHEMBL4826701	2
CHEMBL4827100	2
CHEMBL4827376	2
CHEMBL4827377	2
CHEMBL4827378	2
CHEMBL4829566	2
CHEMBL4829567	2
CHEMBL4829568	2
CHEMBL4829569	2
CHEMBL4829570	2
CHEMBL4829594	2
CHEMBL4831757	2
CHEMBL4832311	2
CHEMBL4774973	2
CHEMBL4775122	2
CHEMBL4775409	2
CHEMBL4807666	2
CHEMBL4807667	2
CHEMBL4808269	2
CHEMBL4339821	2
CHEMBL4341892	2
CHEMBL4351578	2
CHEMBL4351579	2
CHEMBL4321989	2
CHEMBL4322944	2
CHEMBL4323804	2
CHEMBL4358535	2
CHEMBL4359465	2
CHEMBL4344576	2
CHEMBL4325511	2
CHEMBL4329549	2
CHEMBL4329550	2
CHEMBL4329551	2
CHEMBL4329552	2
CHEMBL4329553	2
CHEMBL4329554	2
CHEMBL4329555	2
CHEMBL4331541	2
CHEMBL4331781	2
CHEMBL4676196	2
CHEMBL4678244	2
CHEMBL4679077	2
CHEMBL4679845	2
CHEMBL4680539	2
CHEMBL4606240	2
CHEMBL4611400	2
CHEMBL4612554	2
CHEMBL4612722	2
CHEMBL4670699	2
CHEMBL4671126	2
CHEMBL4673098	2
CHEMBL4673099	2
CHEMBL4673100	2
CHEMBL4628001	2
CHEMBL4629912	2
CHEMBL4630239	2
CHEMBL4630251	2
CHEMBL4630252	2
CHEMBL4630255	2
CHEMBL4681980	2
CHEMBL4621386	2
CHEMBL4622343	2
CHEMBL4626005	2
CHEMBL4617553	2
CHEMBL4619087	2
CHEMBL4619252	2
CHEMBL4146889	2
CHEMBL4053853	2
CHEMBL4054843	2
CHEMBL4058067	2
CHEMBL4047410	2
CHEMBL4047420	2
CHEMBL4047451	2
CHEMBL4048343	2
CHEMBL4049284	2
CHEMBL4049326	2
CHEMBL4051903	2
CHEMBL4052442	2
CHEMBL4119872	2
CHEMBL4119873	2
CHEMBL4120225	2
CHEMBL4123926	2
CHEMBL4041069	2
CHEMBL4044590	2
CHEMBL4017747	2
CHEMBL4017760	2
CHEMBL4017761	2
CHEMBL4020625	2
CHEMBL4020626	2
CHEMBL4022418	2
CHEMBL4027157	2
CHEMBL4027273	2
CHEMBL4028581	2
CHEMBL4005299	2
CHEMBL4011432	2
CHEMBL4013300	2
CHEMBL4015501	2
CHEMBL4015602	2
CHEMBL4015657	2
CHEMBL4016137	2
CHEMBL4016565	2
CHEMBL4016569	2
CHEMBL4033454	2
CHEMBL3878944	2
CHEMBL3880658	2
CHEMBL3858672	2
CHEMBL3859779	2
CHEMBL3861119	2
CHEMBL3992708	2
CHEMBL3997250	2
CHEMBL3997335	2
CHEMBL3999755	2
CHEMBL4001912	2
CHEMBL4003818	2
CHEMBL4004504	2
CHEMBL4004506	2
CHEMBL4004507	2
CHEMBL3883129	2
CHEMBL3883130	2
CHEMBL3883131	2
CHEMBL3883132	2
CHEMBL3888739	2
CHEMBL3889096	2
CHEMBL3889165	2
CHEMBL3872763	2
CHEMBL3800751	2
CHEMBL3853465	2
CHEMBL3853466	2
CHEMBL3853583	2
CHEMBL3853584	2
CHEMBL3855039	2
CHEMBL3855376	2
CHEMBL3855824	2
CHEMBL3783770	2
CHEMBL3789028	2
CHEMBL3794985	2
CHEMBL3824876	2
CHEMBL3776122	2
CHEMBL3807759	2
CHEMBL3807761	2
CHEMBL3807886	2
CHEMBL3807888	2
CHEMBL3810690	2
CHEMBL3810732	2
CHEMBL3811491	2
CHEMBL3813472	2
CHEMBL3813473	2
CHEMBL3813474	2
CHEMBL3813477	2
CHEMBL3813500	2
CHEMBL3813502	2
CHEMBL4310944	2
CHEMBL4311079	2
CHEMBL4312345	2
CHEMBL4260509	2
CHEMBL4264667	2
CHEMBL4265668	2
CHEMBL4270430	2
CHEMBL4270431	2
CHEMBL4235078	2
CHEMBL4235081	2
CHEMBL4235947	2
CHEMBL4236263	2
CHEMBL4258485	2
CHEMBL4305297	2
CHEMBL4313394	2
CHEMBL3744480	2
CHEMBL3744481	2
CHEMBL3744482	2
CHEMBL3755245	2
CHEMBL3755246	2
CHEMBL3755587	2
CHEMBL3755636	2
CHEMBL3742791	2
CHEMBL3602727	2
CHEMBL3603131	2
CHEMBL3607822	2
CHEMBL3635627	2
CHEMBL3635628	2
CHEMBL3761658	2
CHEMBL3625655	2
CHEMBL3626606	2
CHEMBL3611375	2
CHEMBL3615013	2
CHEMBL3615014	2
CHEMBL3615015	2
CHEMBL3616113	2
CHEMBL4194788	2
CHEMBL4195231	2
CHEMBL4196965	2
CHEMBL4196966	2
CHEMBL4200504	2
CHEMBL4157557	2
CHEMBL4189945	2
CHEMBL4189946	2
CHEMBL4190054	2
CHEMBL4194218	2
CHEMBL4184686	2
CHEMBL4184687	2
CHEMBL4184688	2
CHEMBL4184689	2
CHEMBL4186149	2
CHEMBL4158421	2
CHEMBL4179767	2
CHEMBL4200761	2
CHEMBL4200763	2
CHEMBL4220823	2
CHEMBL4223821	2
CHEMBL4223826	2
CHEMBL4223828	2
CHEMBL4223976	2
CHEMBL4229875	2
CHEMBL4231476	2
CHEMBL4223822	1
CHEMBL4223825	1
CHEMBL4223827	1
CHEMBL4223829	1
CHEMBL4223830	1
CHEMBL4223831	1
CHEMBL4223832	1
CHEMBL4224591	1
CHEMBL4231472	1
CHEMBL4231477	1
CHEMBL4231478	1
CHEMBL4233917	1
CHEMBL4158814	1
CHEMBL4178382	1
CHEMBL4178751	1
CHEMBL4179914	1
CHEMBL4179915	1
CHEMBL4179916	1
CHEMBL4180583	1
CHEMBL4180610	1
CHEMBL4180611	1
CHEMBL4181777	1
CHEMBL4181781	1
CHEMBL4181782	1
CHEMBL4181783	1
CHEMBL4181786	1
CHEMBL4181790	1
CHEMBL4181793	1
CHEMBL4181844	1
CHEMBL4181845	1
CHEMBL4181848	1
CHEMBL4182620	1
CHEMBL4183048	1
CHEMBL4184448	1
CHEMBL4184507	1
CHEMBL4184508	1
CHEMBL4184510	1
CHEMBL4184691	1
CHEMBL4184694	1
CHEMBL4184989	1
CHEMBL4186479	1
CHEMBL4187023	1
CHEMBL4153191	1
CHEMBL4153192	1
CHEMBL4195682	1
CHEMBL4197061	1
CHEMBL4197809	1
CHEMBL4199524	1
CHEMBL4199526	1
CHEMBL4199528	1
CHEMBL4199530	1
CHEMBL4199858	1
CHEMBL4199993	1
CHEMBL4200933	1
CHEMBL4201699	1
CHEMBL4220011	1
CHEMBL4221371	1
CHEMBL4223041	1
CHEMBL4223310	1
CHEMBL4189989	1
CHEMBL4190643	1
CHEMBL4190647	1
CHEMBL4190648	1
CHEMBL4190649	1
CHEMBL4193761	1
CHEMBL4193762	1
CHEMBL4312578	1
CHEMBL4312666	1
CHEMBL4312668	1
CHEMBL4312670	1
CHEMBL4312672	1
CHEMBL4312674	1
CHEMBL4312798	1
CHEMBL4314369	1
CHEMBL4314370	1
CHEMBL4314371	1
CHEMBL4315150	1
CHEMBL4316427	1
CHEMBL4317027	1
CHEMBL4254554	1
CHEMBL4255795	1
CHEMBL4256617	1
CHEMBL4256639	1
CHEMBL4260386	1
CHEMBL4234954	1
CHEMBL4235148	1
CHEMBL4235817	1
CHEMBL4235818	1
CHEMBL4236595	1
CHEMBL4236596	1
CHEMBL4251790	1
CHEMBL4251919	1
CHEMBL4260564	1
CHEMBL4260964	1
CHEMBL4260965	1
CHEMBL4262357	1
CHEMBL4262602	1
CHEMBL4263504	1
CHEMBL4264707	1
CHEMBL4264708	1
CHEMBL4265236	1
CHEMBL4266337	1
CHEMBL4307038	1
CHEMBL4307167	1
CHEMBL4309099	1
CHEMBL4309890	1
CHEMBL4272648	1
CHEMBL4272649	1
CHEMBL4274732	1
CHEMBL4275853	1
CHEMBL4276288	1
CHEMBL4276442	1
CHEMBL4305872	1
CHEMBL4267134	1
CHEMBL4268622	1
CHEMBL4268943	1
CHEMBL4269040	1
CHEMBL4270255	1
CHEMBL4270256	1
CHEMBL3806671	1
CHEMBL3807184	1
CHEMBL3807760	1
CHEMBL3807885	1
CHEMBL3807887	1
CHEMBL3807889	1
CHEMBL3808010	1
CHEMBL3808109	1
CHEMBL3810561	1
CHEMBL3810566	1
CHEMBL3810574	1
CHEMBL3810582	1
CHEMBL3810590	1
CHEMBL3810731	1
CHEMBL3811000	1
CHEMBL3811493	1
CHEMBL3811855	1
CHEMBL3811952	1
CHEMBL3812772	1
CHEMBL3813327	1
CHEMBL3813328	1
CHEMBL3813330	1
CHEMBL3813467	1
CHEMBL3815825	1
CHEMBL3815826	1
CHEMBL3815833	1
CHEMBL3816322	1
CHEMBL3816785	1
CHEMBL3819854	1
CHEMBL3819856	1
CHEMBL3819857	1
CHEMBL3819862	1
CHEMBL3822294	1
CHEMBL3822297	1
CHEMBL3822298	1
CHEMBL3824552	1
CHEMBL3789145	1
CHEMBL3789776	1
CHEMBL3790710	1
CHEMBL3795099	1
CHEMBL3795100	1
CHEMBL3829469	1
CHEMBL3829472	1
CHEMBL3829475	1
CHEMBL3831061	1
CHEMBL3831062	1
CHEMBL3854694	1
CHEMBL3854736	1
CHEMBL3854831	1
CHEMBL3855680	1
CHEMBL3855749	1
CHEMBL3795743	1
CHEMBL3795773	1
CHEMBL3795947	1
CHEMBL3796230	1
CHEMBL3801061	1
CHEMBL3801062	1
CHEMBL3801063	1
CHEMBL3801064	1
CHEMBL3801065	1
CHEMBL3801066	1
CHEMBL3801067	1
CHEMBL3801068	1
CHEMBL3801565	1
CHEMBL3802897	1
CHEMBL3803537	1
CHEMBL3767784	1
CHEMBL3767914	1
CHEMBL3768467	1
CHEMBL3768468	1
CHEMBL3772384	1
CHEMBL3772918	1
CHEMBL3773319	1
CHEMBL3773485	1
CHEMBL3773492	1
CHEMBL3773618	1
CHEMBL3773665	1
CHEMBL3773667	1
CHEMBL3773669	1
CHEMBL3773670	1
CHEMBL3774049	1
CHEMBL3774086	1
CHEMBL3774209	1
CHEMBL3776165	1
CHEMBL3779069	1
CHEMBL3779522	1
CHEMBL3783629	1
CHEMBL4030010	1
CHEMBL4030035	1
CHEMBL4030036	1
CHEMBL4030056	1
CHEMBL4030207	1
CHEMBL4030800	1
CHEMBL4030947	1
CHEMBL4030948	1
CHEMBL4030949	1
CHEMBL4030951	1
CHEMBL4030952	1
CHEMBL4030954	1
CHEMBL4031785	1
CHEMBL4033001	1
CHEMBL4033404	1
CHEMBL4033405	1
CHEMBL4004728	1
CHEMBL4004729	1
CHEMBL4005471	1
CHEMBL4005805	1
CHEMBL4005912	1
CHEMBL4007677	1
CHEMBL4008205	1
CHEMBL4008206	1
CHEMBL4009065	1
CHEMBL4009619	1
CHEMBL4022938	1
CHEMBL4023192	1
CHEMBL4023248	1
CHEMBL4023695	1
CHEMBL4023707	1
CHEMBL4023708	1
CHEMBL4023709	1
CHEMBL4023710	1
CHEMBL4023882	1
CHEMBL4024924	1
CHEMBL4026595	1
CHEMBL4026954	1
CHEMBL4026998	1
CHEMBL4026999	1
CHEMBL4027000	1
CHEMBL4027423	1
CHEMBL4027606	1
CHEMBL4028157	1
CHEMBL4028174	1
CHEMBL4028364	1
CHEMBL4037368	1
CHEMBL4037979	1
CHEMBL4039279	1
CHEMBL4039280	1
CHEMBL4039281	1
CHEMBL4039282	1
CHEMBL4039285	1
CHEMBL4039312	1
CHEMBL4040058	1
CHEMBL4040303	1
CHEMBL4040387	1
CHEMBL4040388	1
CHEMBL4040879	1
CHEMBL4040880	1
CHEMBL4040881	1
CHEMBL4040882	1
CHEMBL4040883	1
CHEMBL4040885	1
CHEMBL4044435	1
CHEMBL4012230	1
CHEMBL4012361	1
CHEMBL4012709	1
CHEMBL4012911	1
CHEMBL4013753	1
CHEMBL4014095	1
CHEMBL4015066	1
CHEMBL4015637	1
CHEMBL4015638	1
CHEMBL4015639	1
CHEMBL4015829	1
CHEMBL4015830	1
CHEMBL4015831	1
CHEMBL4015832	1
CHEMBL4015948	1
CHEMBL4015998	1
CHEMBL4016368	1
CHEMBL4016445	1
CHEMBL4016566	1
CHEMBL4016929	1
CHEMBL4017078	1
CHEMBL4017802	1
CHEMBL4017803	1
CHEMBL4018116	1
CHEMBL4019551	1
CHEMBL4019607	1
CHEMBL4020080	1
CHEMBL4021354	1
CHEMBL4021692	1
CHEMBL4021693	1
CHEMBL4021700	1
CHEMBL4021965	1
CHEMBL4124155	1
CHEMBL4132515	1
CHEMBL4134119	1
CHEMBL4134156	1
CHEMBL4134157	1
CHEMBL4134158	1
CHEMBL4134159	1
CHEMBL4140894	1
CHEMBL4141973	1
CHEMBL4143419	1
CHEMBL4144127	1
CHEMBL4144162	1
CHEMBL4144163	1
CHEMBL4144195	1
CHEMBL4144961	1
CHEMBL4144962	1
CHEMBL4144963	1
CHEMBL4144994	1
CHEMBL4145269	1
CHEMBL4145270	1
CHEMBL4053025	1
CHEMBL4053613	1
CHEMBL4053614	1
CHEMBL4053615	1
CHEMBL4055952	1
CHEMBL4056918	1
CHEMBL4058760	1
CHEMBL4146384	1
CHEMBL4149408	1
CHEMBL4121597	1
CHEMBL4121714	1
CHEMBL4122741	1
CHEMBL4122742	1
CHEMBL4123122	1
CHEMBL4123132	1
CHEMBL4047405	1
CHEMBL4047406	1
CHEMBL4047407	1
CHEMBL4047408	1
CHEMBL4047409	1
CHEMBL4047411	1
CHEMBL4047412	1
CHEMBL4047414	1
CHEMBL4047415	1
CHEMBL4047417	1
CHEMBL4047418	1
CHEMBL4047419	1
CHEMBL4047421	1
CHEMBL4049019	1
CHEMBL4049349	1
CHEMBL4050725	1
CHEMBL4052069	1
CHEMBL4052137	1
CHEMBL4052138	1
CHEMBL4052358	1
CHEMBL3610728	1
CHEMBL3610733	1
CHEMBL3610825	1
CHEMBL3611634	1
CHEMBL3614588	1
CHEMBL3615016	1
CHEMBL3615701	1
CHEMBL3616110	1
CHEMBL3616173	1
CHEMBL3616252	1
CHEMBL3618560	1
CHEMBL3618799	1
CHEMBL3618949	1
CHEMBL3619841	1
CHEMBL3619843	1
CHEMBL3756071	1
CHEMBL3757420	1
CHEMBL3757655	1
CHEMBL3758047	1
CHEMBL3761681	1
CHEMBL3761687	1
CHEMBL3761688	1
CHEMBL3766024	1
CHEMBL3636862	1
CHEMBL3637054	1
CHEMBL3637622	1
CHEMBL3638056	1
CHEMBL3638057	1
CHEMBL3638058	1
CHEMBL3638059	1
CHEMBL3638060	1
CHEMBL3638061	1
CHEMBL3638062	1
CHEMBL3638063	1
CHEMBL3638064	1
CHEMBL3638065	1
CHEMBL3638066	1
CHEMBL3638067	1
CHEMBL3638068	1
CHEMBL3638069	1
CHEMBL3638070	1
CHEMBL3638071	1
CHEMBL3638072	1
CHEMBL3638073	1
CHEMBL3638074	1
CHEMBL3638075	1
CHEMBL3638076	1
CHEMBL3638077	1
CHEMBL3638078	1
CHEMBL3638079	1
CHEMBL3638080	1
CHEMBL3638081	1
CHEMBL3638082	1
CHEMBL3638083	1
CHEMBL3638084	1
CHEMBL3638085	1
CHEMBL3638086	1
CHEMBL3638087	1
CHEMBL3638088	1
CHEMBL3638089	1
CHEMBL3638090	1
CHEMBL3638091	1
CHEMBL3638092	1
CHEMBL3638093	1
CHEMBL3638094	1
CHEMBL3638095	1
CHEMBL3638096	1
CHEMBL3638097	1
CHEMBL3638098	1
CHEMBL3638099	1
CHEMBL3638100	1
CHEMBL3638101	1
CHEMBL3638102	1
CHEMBL3638103	1
CHEMBL3638104	1
CHEMBL3638105	1
CHEMBL3638106	1
CHEMBL3638107	1
CHEMBL3638108	1
CHEMBL3638109	1
CHEMBL3638110	1
CHEMBL3638111	1
CHEMBL3638112	1
CHEMBL3638113	1
CHEMBL3638114	1
CHEMBL3638115	1
CHEMBL3638116	1
CHEMBL3638117	1
CHEMBL3638118	1
CHEMBL3638119	1
CHEMBL3638120	1
CHEMBL3638121	1
CHEMBL3638122	1
CHEMBL3638123	1
CHEMBL3638124	1
CHEMBL3638126	1
CHEMBL3638127	1
CHEMBL3638128	1
CHEMBL3638129	1
CHEMBL3638130	1
CHEMBL3638131	1
CHEMBL3638132	1
CHEMBL3638133	1
CHEMBL3638134	1
CHEMBL3638135	1
CHEMBL3638136	1
CHEMBL3638137	1
CHEMBL3638138	1
CHEMBL3638139	1
CHEMBL3638140	1
CHEMBL3638141	1
CHEMBL3638142	1
CHEMBL3638143	1
CHEMBL3638144	1
CHEMBL3638146	1
CHEMBL3638147	1
CHEMBL3638148	1
CHEMBL3638149	1
CHEMBL3638150	1
CHEMBL3638151	1
CHEMBL3638152	1
CHEMBL3638153	1
CHEMBL3638154	1
CHEMBL3638155	1
CHEMBL3638156	1
CHEMBL3638157	1
CHEMBL3638158	1
CHEMBL3638159	1
CHEMBL3638160	1
CHEMBL3638161	1
CHEMBL3638162	1
CHEMBL3638163	1
CHEMBL3638164	1
CHEMBL3638165	1
CHEMBL3638166	1
CHEMBL3638167	1
CHEMBL3638168	1
CHEMBL3638169	1
CHEMBL3638170	1
CHEMBL3707744	1
CHEMBL3737860	1
CHEMBL3738912	1
CHEMBL3742910	1
CHEMBL3743004	1
CHEMBL3743573	1
CHEMBL3744161	1
CHEMBL3744162	1
CHEMBL3744630	1
CHEMBL3744957	1
CHEMBL3745212	1
CHEMBL3749896	1
CHEMBL3749925	1
CHEMBL3749967	1
CHEMBL3750482	1
CHEMBL3754945	1
CHEMBL3624292	1
CHEMBL3624298	1
CHEMBL3624311	1
CHEMBL3624320	1
CHEMBL3624814	1
CHEMBL3625361	1
CHEMBL3625362	1
CHEMBL3625363	1
CHEMBL3625503	1
CHEMBL3625553	1
CHEMBL3626607	1
CHEMBL3627500	1
CHEMBL3599417	1
CHEMBL3599847	1
CHEMBL3599848	1
CHEMBL3602243	1
CHEMBL3602656	1
CHEMBL3602728	1
CHEMBL3602779	1
CHEMBL3603073	1
CHEMBL3603636	1
CHEMBL3606474	1
CHEMBL3606931	1
CHEMBL3607064	1
CHEMBL3607065	1
CHEMBL3607683	1
CHEMBL3868466	1
CHEMBL3868467	1
CHEMBL3868705	1
CHEMBL3869360	1
CHEMBL3869577	1
CHEMBL3869588	1
CHEMBL3869653	1
CHEMBL3869655	1
CHEMBL3869656	1
CHEMBL3871238	1
CHEMBL3871239	1
CHEMBL3872165	1
CHEMBL3872166	1
CHEMBL3873571	1
CHEMBL3873572	1
CHEMBL3873911	1
CHEMBL3862828	1
CHEMBL3865355	1
CHEMBL3865359	1
CHEMBL3865682	1
CHEMBL3999268	1
CHEMBL3999551	1
CHEMBL3999979	1
CHEMBL4000046	1
CHEMBL4002421	1
CHEMBL4003495	1
CHEMBL4003651	1
CHEMBL4004501	1
CHEMBL4004502	1
CHEMBL3858640	1
CHEMBL3858908	1
CHEMBL3859473	1
CHEMBL3861366	1
CHEMBL3861688	1
CHEMBL3874723	1
CHEMBL3874986	1
CHEMBL3874987	1
CHEMBL3874988	1
CHEMBL3875086	1
CHEMBL3876586	1
CHEMBL3879968	1
CHEMBL3879989	1
CHEMBL3880176	1
CHEMBL3880242	1
CHEMBL3880243	1
CHEMBL3880252	1
CHEMBL3880254	1
CHEMBL3880255	1
CHEMBL3880256	1
CHEMBL3880257	1
CHEMBL3880258	1
CHEMBL3880275	1
CHEMBL3880276	1
CHEMBL3880278	1
CHEMBL3880279	1
CHEMBL3880280	1
CHEMBL3880281	1
CHEMBL3880650	1
CHEMBL3880651	1
CHEMBL3883134	1
CHEMBL3883135	1
CHEMBL3883136	1
CHEMBL3883137	1
CHEMBL3992711	1
CHEMBL3992713	1
CHEMBL3993158	1
CHEMBL3993788	1
CHEMBL3996856	1
CHEMBL3997194	1
CHEMBL3997715	1
CHEMBL3997716	1
CHEMBL3997717	1
CHEMBL684132	1
CHEMBL686881	1
CHEMBL687168	1
CHEMBL687333	1
CHEMBL687508	1
CHEMBL653733	1
CHEMBL653771	1
CHEMBL680747	1
CHEMBL660544	1
CHEMBL660546	1
CHEMBL662311	1
CHEMBL654574	1
CHEMBL655370	1
CHEMBL655371	1
CHEMBL656375	1
CHEMBL656604	1
CHEMBL659151	1
CHEMBL659153	1
CHEMBL659154	1
CHEMBL659155	1
CHEMBL660036	1
CHEMBL791520	1
CHEMBL805186	1
CHEMBL703976	1
CHEMBL699347	1
CHEMBL5734260	1
CHEMBL5735689	1
CHEMBL749472	1
CHEMBL766803	1
CHEMBL766805	1
CHEMBL766809	1
CHEMBL766815	1
CHEMBL767234	1
CHEMBL767235	1
CHEMBL767236	1
CHEMBL768698	1
CHEMBL768953	1
CHEMBL768954	1
CHEMBL768955	1
CHEMBL770203	1
CHEMBL5588791	1
CHEMBL5589391	1
CHEMBL5589392	1
CHEMBL5589393	1
CHEMBL5608855	1
CHEMBL5609109	1
CHEMBL5609110	1
CHEMBL5609111	1
CHEMBL5609386	1
CHEMBL5609721	1
CHEMBL5610224	1
CHEMBL5610225	1
CHEMBL5611731	1
CHEMBL5626025	1
CHEMBL5626860	1
CHEMBL5627060	1
CHEMBL5627061	1
CHEMBL5627062	1
CHEMBL5627867	1
CHEMBL5628630	1
CHEMBL5616420	1
CHEMBL5623240	1
CHEMBL5654566	1
CHEMBL5634738	1
CHEMBL5636442	1
CHEMBL5636884	1
CHEMBL5637716	1
CHEMBL5638266	1
CHEMBL5638881	1
CHEMBL5638882	1
CHEMBL5638883	1
CHEMBL5724455	1
CHEMBL5724480	1
CHEMBL5730414	1
CHEMBL5715853	1
CHEMBL5716585	1
CHEMBL982875	1
CHEMBL985007	1
CHEMBL985176	1
CHEMBL985480	1
CHEMBL987763	1
CHEMBL996060	1
CHEMBL998723	1
CHEMBL990785	1
CHEMBL993087	1
CHEMBL925855	1
CHEMBL925955	1
CHEMBL926143	1
CHEMBL906900	1
CHEMBL907676	1
CHEMBL907768	1
CHEMBL907769	1
CHEMBL907829	1
CHEMBL908401	1
CHEMBL908645	1
CHEMBL908898	1
CHEMBL899444	1
CHEMBL899477	1
CHEMBL899478	1
CHEMBL899629	1
CHEMBL902587	1
CHEMBL903442	1
CHEMBL903549	1
CHEMBL919944	1
CHEMBL921541	1
CHEMBL921542	1
CHEMBL921543	1
CHEMBL921544	1
CHEMBL934640	1
CHEMBL936408	1
CHEMBL937358	1
CHEMBL937359	1
CHEMBL937360	1
CHEMBL937361	1
CHEMBL937362	1
CHEMBL937363	1
CHEMBL937364	1
CHEMBL937365	1
CHEMBL937366	1
CHEMBL937367	1
CHEMBL937368	1
CHEMBL937369	1
CHEMBL937370	1
CHEMBL937371	1
CHEMBL937372	1
CHEMBL937373	1
CHEMBL937425	1
CHEMBL939609	1
CHEMBL928570	1
CHEMBL928906	1
CHEMBL928992	1
CHEMBL928993	1
CHEMBL929283	1
CHEMBL929284	1
CHEMBL929420	1
CHEMBL929965	1
CHEMBL930080	1
CHEMBL930532	1
CHEMBL931280	1
CHEMBL931281	1
CHEMBL932540	1
CHEMBL933610	1
CHEMBL933611	1
CHEMBL933612	1
CHEMBL933613	1
CHEMBL933614	1
CHEMBL933615	1
CHEMBL933616	1
CHEMBL933617	1
CHEMBL933618	1
CHEMBL933619	1
CHEMBL933620	1
CHEMBL933621	1
CHEMBL933622	1
CHEMBL933623	1
CHEMBL934351	1
CHEMBL912234	1
CHEMBL912510	1
CHEMBL914485	1
CHEMBL914756	1
CHEMBL914757	1
CHEMBL916132	1
CHEMBL916135	1
CHEMBL940938	1
CHEMBL941018	1
CHEMBL943026	1
CHEMBL944218	1
CHEMBL944648	1
CHEMBL944710	1
CHEMBL944711	1
CHEMBL944712	1
CHEMBL945222	1
CHEMBL967818	1
CHEMBL967819	1
CHEMBL968040	1
CHEMBL947933	1
CHEMBL953428	1
CHEMBL953566	1
CHEMBL957054	1
CHEMBL976158	1
CHEMBL976349	1
CHEMBL978140	1
CHEMBL979986	1
CHEMBL980758	1
CHEMBL980868	1
CHEMBL970460	1
CHEMBL958338	1
CHEMBL960380	1
CHEMBL962062	1
CHEMBL962063	1
CHEMBL882589	1
CHEMBL882919	1
CHEMBL886475	1
CHEMBL886510	1
CHEMBL886671	1
CHEMBL887107	1
CHEMBL887108	1
CHEMBL888452	1
CHEMBL889158	1
CHEMBL889269	1
CHEMBL889308	1
CHEMBL889309	1
CHEMBL889316	1
CHEMBL889970	1
CHEMBL890380	1
CHEMBL875385	1
CHEMBL877203	1
CHEMBL895731	1
CHEMBL896000	1
CHEMBL864238	1
CHEMBL864914	1
CHEMBL865554	1
CHEMBL865568	1
CHEMBL867451	1
CHEMBL867939	1
CHEMBL868799	1
CHEMBL868945	1
CHEMBL869182	1
CHEMBL869183	1
CHEMBL869184	1
CHEMBL870188	1
CHEMBL870536	1
CHEMBL861216	1
CHEMBL862040	1
CHEMBL841078	1
CHEMBL841079	1
CHEMBL841102	1
CHEMBL854889	1
CHEMBL855008	1
CHEMBL855608	1
CHEMBL855770	1
CHEMBL855890	1
CHEMBL826271	1
CHEMBL834175	1
CHEMBL836212	1
CHEMBL827917	1
CHEMBL828081	1
CHEMBL828432	1
CHEMBL829576	1
CHEMBL830529	1
CHEMBL831576	1
CHEMBL832717	1
CHEMBL815527	1
CHEMBL819394	1
CHEMBL819395	1
CHEMBL819650	1
CHEMBL5543784	1
CHEMBL5543948	1
CHEMBL5544252	1
CHEMBL5545007	1
CHEMBL5545677	1
CHEMBL5545983	1
CHEMBL5546322	1
CHEMBL5546326	1
CHEMBL5546327	1
CHEMBL5546328	1
CHEMBL5547789	1
CHEMBL5547791	1
CHEMBL5547794	1
CHEMBL5547796	1
CHEMBL5547800	1
CHEMBL5547882	1
CHEMBL5548880	1
CHEMBL5548973	1
CHEMBL5549269	1
CHEMBL5551344	1
CHEMBL5552021	1
CHEMBL5553380	1
CHEMBL5582339	1
CHEMBL5582340	1
CHEMBL5583194	1
CHEMBL5585499	1
CHEMBL5585575	1
CHEMBL5585758	1
CHEMBL5586807	1
CHEMBL5586854	1
CHEMBL5554343	1
CHEMBL5577688	1
CHEMBL5578649	1
CHEMBL5579448	1
CHEMBL5579449	1
CHEMBL5579450	1
CHEMBL5579459	1
CHEMBL5530017	1
CHEMBL5530460	1
CHEMBL5530461	1
CHEMBL5530462	1
CHEMBL5531275	1
CHEMBL5531276	1
CHEMBL5531383	1
CHEMBL5531470	1
CHEMBL5534682	1
CHEMBL5525037	1
CHEMBL5525513	1
CHEMBL5526862	1
CHEMBL5526863	1
CHEMBL5535167	1
CHEMBL5535168	1
CHEMBL5535369	1
CHEMBL5536416	1
CHEMBL5536489	1
CHEMBL5536527	1
CHEMBL5538724	1
CHEMBL5538910	1
CHEMBL5538984	1
CHEMBL5539527	1
CHEMBL5539772	1
CHEMBL5540022	1
CHEMBL5540303	1
CHEMBL5540457	1
CHEMBL5251455	1
CHEMBL5251456	1
CHEMBL5251457	1
CHEMBL5251675	1
CHEMBL5252906	1
CHEMBL5253805	1
CHEMBL5253806	1
CHEMBL5255375	1
CHEMBL5255793	1
CHEMBL5247147	1
CHEMBL5248062	1
CHEMBL5248063	1
CHEMBL5249266	1
CHEMBL5256753	1
CHEMBL5256754	1
CHEMBL5257224	1
CHEMBL5257243	1
CHEMBL5258220	1
CHEMBL5258221	1
CHEMBL5258223	1
CHEMBL5258224	1
CHEMBL5258225	1
CHEMBL5258359	1
CHEMBL5260122	1
CHEMBL5260123	1
CHEMBL5260124	1
CHEMBL5228308	1
CHEMBL5228856	1
CHEMBL5228857	1
CHEMBL5217541	1
CHEMBL5217959	1
CHEMBL5218077	1
CHEMBL5223301	1
CHEMBL5223702	1
CHEMBL5224705	1
CHEMBL5224925	1
CHEMBL5224991	1
CHEMBL5225011	1
CHEMBL5225017	1
CHEMBL5225645	1
CHEMBL5225678	1
CHEMBL5226244	1
CHEMBL5238524	1
CHEMBL5238525	1
CHEMBL5238526	1
CHEMBL5238527	1
CHEMBL5238528	1
CHEMBL5239180	1
CHEMBL5239623	1
CHEMBL5239624	1
CHEMBL5239940	1
CHEMBL5242480	1
CHEMBL5144527	1
CHEMBL5144798	1
CHEMBL5144799	1
CHEMBL5147691	1
CHEMBL5147783	1
CHEMBL5148521	1
CHEMBL5148913	1
CHEMBL5149080	1
CHEMBL5149298	1
CHEMBL5132815	1
CHEMBL5133284	1
CHEMBL5133642	1
CHEMBL5133643	1
CHEMBL5133651	1
CHEMBL5133834	1
CHEMBL5133864	1
CHEMBL5133947	1
CHEMBL5133948	1
CHEMBL5136071	1
CHEMBL5136083	1
CHEMBL5136712	1
CHEMBL5136713	1
CHEMBL5136714	1
CHEMBL5136757	1
CHEMBL5136758	1
CHEMBL5136759	1
CHEMBL5136760	1
CHEMBL5136902	1
CHEMBL5137199	1
CHEMBL5150222	1
CHEMBL5150939	1
CHEMBL5151162	1
CHEMBL5151163	1
CHEMBL5151164	1
CHEMBL5151165	1
CHEMBL5153894	1
CHEMBL5153895	1
CHEMBL5153896	1
CHEMBL5154205	1
CHEMBL5154206	1
CHEMBL5154397	1
CHEMBL5154400	1
CHEMBL5154401	1
CHEMBL5155275	1
CHEMBL5155313	1
CHEMBL5139560	1
CHEMBL5139600	1
CHEMBL5139699	1
CHEMBL5139741	1
CHEMBL5140412	1
CHEMBL5141414	1
CHEMBL5157426	1
CHEMBL5157440	1
CHEMBL5157446	1
CHEMBL5158509	1
CHEMBL5159526	1
CHEMBL5159727	1
CHEMBL5160351	1
CHEMBL5160400	1
CHEMBL5160401	1
CHEMBL5168670	1
CHEMBL5168853	1
CHEMBL5213638	1
CHEMBL5214553	1
CHEMBL5162249	1
CHEMBL5162415	1
CHEMBL5162868	1
CHEMBL5162869	1
CHEMBL5163210	1
CHEMBL5163327	1
CHEMBL5163328	1
CHEMBL5163389	1
CHEMBL5164181	1
CHEMBL5164182	1
CHEMBL5164183	1
CHEMBL5164184	1
CHEMBL5165550	1
CHEMBL5166020	1
CHEMBL5166818	1
CHEMBL5166819	1
CHEMBL5166941	1
CHEMBL5166943	1
CHEMBL5056440	1
CHEMBL5056441	1
CHEMBL5058667	1
CHEMBL5058670	1
CHEMBL5058672	1
CHEMBL5058674	1
CHEMBL5058795	1
CHEMBL5058796	1
CHEMBL5058820	1
CHEMBL5058864	1
CHEMBL5058875	1
CHEMBL5060000	1
CHEMBL5097479	1
CHEMBL5097927	1
CHEMBL5108154	1
CHEMBL5112336	1
CHEMBL5112471	1
CHEMBL5112472	1
CHEMBL5112474	1
CHEMBL5112476	1
CHEMBL5112481	1
CHEMBL5125857	1
CHEMBL5125934	1
CHEMBL5127018	1
CHEMBL5127841	1
CHEMBL5129511	1
CHEMBL5130290	1
CHEMBL5130606	1
CHEMBL5130607	1
CHEMBL5131296	1
CHEMBL5131301	1
CHEMBL5131302	1
CHEMBL5131325	1
CHEMBL5049389	1
CHEMBL5049634	1
CHEMBL5050187	1
CHEMBL5050750	1
CHEMBL5050801	1
CHEMBL5051300	1
CHEMBL5051301	1
CHEMBL5051302	1
CHEMBL5054227	1
CHEMBL5054684	1
CHEMBL5054711	1
CHEMBL5055793	1
CHEMBL5055794	1
CHEMBL5055795	1
CHEMBL5055887	1
CHEMBL5055888	1
CHEMBL5055889	1
CHEMBL5055890	1
CHEMBL5055966	1
CHEMBL5120245	1
CHEMBL5121851	1
CHEMBL5121854	1
CHEMBL5121855	1
CHEMBL5122785	1
CHEMBL5125245	1
CHEMBL5125261	1
CHEMBL5125264	1
CHEMBL5125533	1
CHEMBL5125535	1
CHEMBL5114587	1
CHEMBL5116792	1
CHEMBL5116839	1
CHEMBL5119104	1
CHEMBL5119235	1
CHEMBL5099758	1
CHEMBL5100299	1
CHEMBL5100480	1
CHEMBL5100513	1
CHEMBL5100514	1
CHEMBL5100515	1
CHEMBL5104761	1
CHEMBL5104771	1
CHEMBL5104961	1
CHEMBL5105783	1
CHEMBL5105856	1
CHEMBL5105954	1
CHEMBL5106268	1
CHEMBL5106405	1
CHEMBL5106465	1
CHEMBL5317605	1
CHEMBL5318452	1
CHEMBL5318453	1
CHEMBL5318500	1
CHEMBL5318786	1
CHEMBL5318787	1
CHEMBL5318788	1
CHEMBL5318818	1
CHEMBL5318819	1
CHEMBL5318820	1
CHEMBL5319826	1
CHEMBL5320163	1
CHEMBL5320164	1
CHEMBL5320287	1
CHEMBL5321069	1
CHEMBL5322749	1
CHEMBL5322750	1
CHEMBL5335729	1
CHEMBL5338206	1
CHEMBL5338368	1
CHEMBL5339449	1
CHEMBL5339927	1
CHEMBL5342418	1
CHEMBL5343262	1
CHEMBL5343484	1
CHEMBL5343726	1
CHEMBL5343727	1
CHEMBL5343728	1
CHEMBL5344085	1
CHEMBL5346096	1
CHEMBL5346681	1
CHEMBL5350168	1
CHEMBL5351810	1
CHEMBL5352745	1
CHEMBL5323854	1
CHEMBL5323931	1
CHEMBL5323932	1
CHEMBL5323933	1
CHEMBL5323934	1
CHEMBL5325079	1
CHEMBL5325638	1
CHEMBL5328187	1
CHEMBL5328188	1
CHEMBL5264127	1
CHEMBL5264190	1
CHEMBL5264198	1
CHEMBL5264773	1
CHEMBL5265318	1
CHEMBL5265321	1
CHEMBL5265322	1
CHEMBL5265338	1
CHEMBL5265642	1
CHEMBL5303798	1
CHEMBL5303799	1
CHEMBL5303807	1
CHEMBL5303846	1
CHEMBL5303847	1
CHEMBL5303855	1
CHEMBL5303894	1
CHEMBL5303896	1
CHEMBL5303897	1
CHEMBL5303904	1
CHEMBL5303940	1
CHEMBL5303951	1
CHEMBL5303984	1
CHEMBL5303995	1
CHEMBL5304024	1
CHEMBL5304026	1
CHEMBL5304080	1
CHEMBL5304091	1
CHEMBL5304125	1
CHEMBL5304137	1
CHEMBL5304230	1
CHEMBL5304241	1
CHEMBL5304328	1
CHEMBL5304339	1
CHEMBL5304470	1
CHEMBL5304965	1
CHEMBL5304968	1
CHEMBL5304971	1
CHEMBL5304972	1
CHEMBL5304975	1
CHEMBL5330667	1
CHEMBL5331001	1
CHEMBL5331002	1
CHEMBL5334005	1
CHEMBL5334726	1
CHEMBL5334826	1
CHEMBL5334911	1
CHEMBL5391119	1
CHEMBL5391122	1
CHEMBL5392354	1
CHEMBL5392514	1
CHEMBL5392515	1
CHEMBL5393079	1
CHEMBL5393080	1
CHEMBL5393081	1
CHEMBL5365054	1
CHEMBL5365208	1
CHEMBL5365732	1
CHEMBL5366268	1
CHEMBL5366390	1
CHEMBL5367092	1
CHEMBL5367977	1
CHEMBL5367978	1
CHEMBL5368227	1
CHEMBL5368519	1
CHEMBL5368552	1
CHEMBL5368553	1
CHEMBL5369124	1
CHEMBL5377048	1
CHEMBL5379181	1
CHEMBL5381144	1
CHEMBL5381146	1
CHEMBL5381147	1
CHEMBL5381148	1
CHEMBL5381669	1
CHEMBL5382450	1
CHEMBL5359173	1
CHEMBL5359176	1
CHEMBL5364843	1
CHEMBL5355254	1
CHEMBL5356182	1
CHEMBL5356183	1
CHEMBL5356599	1
CHEMBL5357496	1
CHEMBL5357869	1
CHEMBL5357933	1
CHEMBL5357934	1
CHEMBL5358238	1
CHEMBL5358241	1
CHEMBL5383356	1
CHEMBL5383357	1
CHEMBL5383358	1
CHEMBL5384015	1
CHEMBL5384136	1
CHEMBL5384797	1
CHEMBL5387761	1
CHEMBL5388181	1
CHEMBL5388467	1
CHEMBL5373127	1
CHEMBL5373260	1
CHEMBL5373283	1
CHEMBL5374043	1
CHEMBL5374044	1
CHEMBL5374045	1
CHEMBL5374368	1
CHEMBL5374375	1
CHEMBL5374430	1
CHEMBL5374432	1
CHEMBL5374437	1
CHEMBL5374438	1
CHEMBL5374777	1
CHEMBL5375030	1
CHEMBL5375554	1
CHEMBL5375778	1
CHEMBL5376779	1
CHEMBL5505675	1
CHEMBL5507543	1
CHEMBL5508893	1
CHEMBL5508918	1
CHEMBL5481124	1
CHEMBL5481994	1
CHEMBL5502997	1
CHEMBL5502998	1
CHEMBL5502999	1
CHEMBL5503000	1
CHEMBL5474488	1
CHEMBL5475032	1
CHEMBL5476368	1
CHEMBL5476531	1
CHEMBL5476556	1
CHEMBL5476557	1
CHEMBL5476569	1
CHEMBL5476581	1
CHEMBL5476606	1
CHEMBL5476607	1
CHEMBL5476625	1
CHEMBL5476754	1
CHEMBL5476787	1
CHEMBL5478118	1
CHEMBL5478121	1
CHEMBL5478147	1
CHEMBL5478935	1
CHEMBL5479512	1
CHEMBL5463864	1
CHEMBL5463915	1
CHEMBL5465572	1
CHEMBL5465594	1
CHEMBL5465596	1
CHEMBL5465605	1
CHEMBL5474434	1
CHEMBL5516497	1
CHEMBL5516750	1
CHEMBL5516755	1
CHEMBL5516856	1
CHEMBL5516890	1
CHEMBL5516908	1
CHEMBL5516912	1
CHEMBL5517173	1
CHEMBL5517251	1
CHEMBL5517494	1
CHEMBL5517548	1
CHEMBL5520727	1
CHEMBL5521376	1
CHEMBL5521406	1
CHEMBL5521451	1
CHEMBL5521503	1
CHEMBL5521504	1
CHEMBL5521911	1
CHEMBL5509930	1
CHEMBL5509956	1
CHEMBL5510269	1
CHEMBL5511245	1
CHEMBL5512021	1
CHEMBL5512022	1
CHEMBL5512023	1
CHEMBL5512024	1
CHEMBL5512093	1
CHEMBL5512253	1
CHEMBL2173536	1
CHEMBL2173975	1
CHEMBL2174912	1
CHEMBL2176196	1
CHEMBL2176456	1
CHEMBL2176623	1
CHEMBL2182407	1
CHEMBL2183278	1
CHEMBL2183479	1
CHEMBL2183581	1
CHEMBL2184032	1
CHEMBL2184225	1
CHEMBL2184354	1
CHEMBL2154390	1
CHEMBL2154391	1
CHEMBL2155364	1
CHEMBL2155365	1
CHEMBL2156227	1
CHEMBL2156333	1
CHEMBL2156833	1
CHEMBL2156882	1
CHEMBL2160726	1
CHEMBL2160808	1
CHEMBL2161153	1
CHEMBL2071944	1
CHEMBL2071948	1
CHEMBL2072706	1
CHEMBL2073629	1
CHEMBL2211566	1
CHEMBL2211621	1
CHEMBL2212824	1
CHEMBL2214094	1
CHEMBL2214148	1
CHEMBL2215011	1
CHEMBL2215013	1
CHEMBL2215015	1
CHEMBL2089933	1
CHEMBL2090131	1
CHEMBL2090504	1
CHEMBL2090506	1
CHEMBL2090507	1
CHEMBL2091635	1
CHEMBL2091838	1
CHEMBL2149351	1
CHEMBL2149352	1
CHEMBL2149353	1
CHEMBL2150540	1
CHEMBL2184696	1
CHEMBL2184863	1
CHEMBL2184930	1
CHEMBL2186403	1
CHEMBL2186404	1
CHEMBL2186736	1
CHEMBL2187047	1
CHEMBL2187817	1
CHEMBL2187883	1
CHEMBL2188816	1
CHEMBL2208509	1
CHEMBL2208511	1
CHEMBL2208575	1
CHEMBL2208576	1
CHEMBL2208784	1
CHEMBL2209447	1
CHEMBL2162302	1
CHEMBL2162428	1
CHEMBL2163105	1
CHEMBL2166000	1
CHEMBL2167210	1
CHEMBL2167443	1
CHEMBL2167605	1
CHEMBL2167606	1
CHEMBL2167607	1
CHEMBL2167608	1
CHEMBL2167609	1
CHEMBL2168496	1
CHEMBL2168498	1
CHEMBL2168600	1
CHEMBL2169230	1
CHEMBL2169519	1
CHEMBL2169528	1
CHEMBL2169529	1
CHEMBL2172900	1
CHEMBL2173019	1
CHEMBL2215678	1
CHEMBL2215781	1
CHEMBL2216271	1
CHEMBL2216282	1
CHEMBL2216283	1
CHEMBL2216345	1
CHEMBL2216713	1
CHEMBL2216714	1
CHEMBL2216925	1
CHEMBL2217322	1
CHEMBL2217323	1
CHEMBL2217324	1
CHEMBL2217325	1
CHEMBL2217326	1
CHEMBL2217327	1
CHEMBL2217328	1
CHEMBL2217329	1
CHEMBL2217330	1
CHEMBL2217331	1
CHEMBL2217332	1
CHEMBL2217333	1
CHEMBL2217334	1
CHEMBL2217335	1
CHEMBL2217336	1
CHEMBL2217337	1
CHEMBL2217338	1
CHEMBL2217339	1
CHEMBL2217340	1
CHEMBL2217341	1
CHEMBL2217342	1
CHEMBL2317752	1
CHEMBL2318185	1
CHEMBL2319401	1
CHEMBL2378543	1
CHEMBL2378605	1
CHEMBL2382843	1
CHEMBL2382844	1
CHEMBL2382845	1
CHEMBL2382846	1
CHEMBL2382847	1
CHEMBL2383266	1
CHEMBL2387961	1
CHEMBL2387962	1
CHEMBL2387963	1
CHEMBL2388893	1
CHEMBL2389350	1
CHEMBL2389567	1
CHEMBL2389758	1
CHEMBL2390460	1
CHEMBL2394789	1
CHEMBL2394846	1
CHEMBL2394847	1
CHEMBL2395084	1
CHEMBL2395260	1
CHEMBL2395262	1
CHEMBL2395380	1
CHEMBL2395381	1
CHEMBL2396050	1
CHEMBL2396234	1
CHEMBL2396467	1
CHEMBL2396468	1
CHEMBL2396469	1
CHEMBL2398835	1
CHEMBL2398849	1
CHEMBL2399255	1
CHEMBL2400598	1
CHEMBL2400599	1
CHEMBL2401504	1
CHEMBL2404558	1
CHEMBL2405803	1
CHEMBL2406416	1
CHEMBL2410074	1
CHEMBL2320830	1
CHEMBL2327052	1
CHEMBL2327054	1
CHEMBL2327428	1
CHEMBL2327575	1
CHEMBL2327740	1
CHEMBL2327882	1
CHEMBL2328093	1
CHEMBL2328095	1
CHEMBL2328112	1
CHEMBL2328122	1
CHEMBL2328652	1
CHEMBL2329216	1
CHEMBL2330006	1
CHEMBL2330007	1
CHEMBL2330862	1
CHEMBL2339897	1
CHEMBL2339912	1
CHEMBL2340286	1
CHEMBL2340398	1
CHEMBL2341331	1
CHEMBL2341506	1
CHEMBL2342062	1
CHEMBL2342699	1
CHEMBL2342858	1
CHEMBL2344005	1
CHEMBL2344006	1
CHEMBL2344008	1
CHEMBL2344009	1
CHEMBL2344711	1
CHEMBL2345755	1
CHEMBL2346000	1
CHEMBL2350655	1
CHEMBL2351330	1
CHEMBL2352368	1
CHEMBL2352554	1
CHEMBL3587475	1
CHEMBL3588388	1
CHEMBL3588625	1
CHEMBL3591528	1
CHEMBL3592068	1
CHEMBL3592072	1
CHEMBL3592076	1
CHEMBL3592080	1
CHEMBL3592224	1
CHEMBL3594979	1
CHEMBL3595880	1
CHEMBL3579575	1
CHEMBL3579945	1
CHEMBL3580169	1
CHEMBL3582540	1
CHEMBL3582584	1
CHEMBL3583096	1
CHEMBL3583386	1
CHEMBL3583387	1
CHEMBL3583403	1
CHEMBL3583404	1
CHEMBL3583954	1
CHEMBL3583955	1
CHEMBL3429792	1
CHEMBL3430259	1
CHEMBL3430322	1
CHEMBL3430323	1
CHEMBL3430324	1
CHEMBL3430325	1
CHEMBL3430326	1
CHEMBL3430327	1
CHEMBL3430328	1
CHEMBL3430329	1
CHEMBL3430330	1
CHEMBL3430331	1
CHEMBL3430332	1
CHEMBL3430333	1
CHEMBL3430334	1
CHEMBL3430335	1
CHEMBL3430336	1
CHEMBL3430337	1
CHEMBL3430338	1
CHEMBL3430339	1
CHEMBL3430340	1
CHEMBL3430341	1
CHEMBL3430342	1
CHEMBL3430343	1
CHEMBL3430344	1
CHEMBL3430345	1
CHEMBL3430346	1
CHEMBL3430347	1
CHEMBL3430348	1
CHEMBL3430349	1
CHEMBL3430350	1
CHEMBL3430351	1
CHEMBL3430352	1
CHEMBL3430353	1
CHEMBL3430354	1
CHEMBL3430355	1
CHEMBL3430356	1
CHEMBL3430357	1
CHEMBL3430358	1
CHEMBL3430359	1
CHEMBL3430360	1
CHEMBL3430361	1
CHEMBL3430362	1
CHEMBL3430363	1
CHEMBL3430364	1
CHEMBL3430365	1
CHEMBL3430366	1
CHEMBL3430367	1
CHEMBL3430368	1
CHEMBL3430369	1
CHEMBL3430370	1
CHEMBL3430371	1
CHEMBL3430372	1
CHEMBL3430373	1
CHEMBL3430374	1
CHEMBL3430375	1
CHEMBL3430376	1
CHEMBL3430377	1
CHEMBL3430378	1
CHEMBL3430379	1
CHEMBL3430380	1
CHEMBL3430381	1
CHEMBL3430382	1
CHEMBL3430383	1
CHEMBL3430384	1
CHEMBL3430385	1
CHEMBL3430386	1
CHEMBL3430387	1
CHEMBL3430388	1
CHEMBL3430389	1
CHEMBL3430390	1
CHEMBL3430391	1
CHEMBL3430392	1
CHEMBL3430393	1
CHEMBL3430394	1
CHEMBL3430395	1
CHEMBL3430396	1
CHEMBL3430397	1
CHEMBL3430398	1
CHEMBL3430399	1
CHEMBL3430400	1
CHEMBL3430401	1
CHEMBL3430402	1
CHEMBL3430403	1
CHEMBL3430404	1
CHEMBL3430405	1
CHEMBL3430406	1
CHEMBL3430407	1
CHEMBL3430408	1
CHEMBL3430409	1
CHEMBL3430410	1
CHEMBL3430411	1
CHEMBL3430412	1
CHEMBL3430413	1
CHEMBL3430414	1
CHEMBL3430415	1
CHEMBL3430416	1
CHEMBL3430417	1
CHEMBL3430418	1
CHEMBL3430419	1
CHEMBL3430420	1
CHEMBL3430421	1
CHEMBL3430422	1
CHEMBL3430423	1
CHEMBL3430424	1
CHEMBL3430425	1
CHEMBL3430426	1
CHEMBL3430427	1
CHEMBL3430428	1
CHEMBL3430429	1
CHEMBL3430430	1
CHEMBL3430431	1
CHEMBL3430432	1
CHEMBL3430433	1
CHEMBL3430434	1
CHEMBL3430435	1
CHEMBL3430436	1
CHEMBL3430437	1
CHEMBL3430438	1
CHEMBL3430439	1
CHEMBL3430440	1
CHEMBL3430441	1
CHEMBL3430442	1
CHEMBL3430443	1
CHEMBL3430444	1
CHEMBL3430445	1
CHEMBL3430446	1
CHEMBL3430447	1
CHEMBL3430448	1
CHEMBL3430449	1
CHEMBL3430450	1
CHEMBL3430451	1
CHEMBL3430452	1
CHEMBL3430453	1
CHEMBL3430454	1
CHEMBL3430455	1
CHEMBL3430456	1
CHEMBL3430457	1
CHEMBL3430458	1
CHEMBL3430459	1
CHEMBL3430460	1
CHEMBL3430461	1
CHEMBL3430462	1
CHEMBL3430463	1
CHEMBL3430464	1
CHEMBL3430465	1
CHEMBL3430466	1
CHEMBL3430467	1
CHEMBL3430468	1
CHEMBL3430469	1
CHEMBL3430470	1
CHEMBL3430471	1
CHEMBL3430472	1
CHEMBL3430473	1
CHEMBL3430474	1
CHEMBL3430475	1
CHEMBL3430476	1
CHEMBL3430477	1
CHEMBL3430478	1
CHEMBL3430479	1
CHEMBL3430480	1
CHEMBL3430481	1
CHEMBL3430482	1
CHEMBL3430483	1
CHEMBL3430484	1
CHEMBL3430485	1
CHEMBL3430486	1
CHEMBL3430487	1
CHEMBL3430488	1
CHEMBL3430489	1
CHEMBL3430490	1
CHEMBL3430491	1
CHEMBL3430492	1
CHEMBL3430493	1
CHEMBL3430494	1
CHEMBL3430495	1
CHEMBL3430496	1
CHEMBL3430497	1
CHEMBL3430498	1
CHEMBL3430499	1
CHEMBL3430500	1
CHEMBL3430501	1
CHEMBL3430502	1
CHEMBL3430503	1
CHEMBL3430504	1
CHEMBL3430505	1
CHEMBL3430506	1
CHEMBL3430507	1
CHEMBL3430508	1
CHEMBL3430509	1
CHEMBL3430510	1
CHEMBL3430511	1
CHEMBL3430512	1
CHEMBL3430513	1
CHEMBL3430514	1
CHEMBL3430515	1
CHEMBL3430516	1
CHEMBL3430517	1
CHEMBL3430518	1
CHEMBL3430519	1
CHEMBL3430520	1
CHEMBL3430521	1
CHEMBL3430522	1
CHEMBL3430523	1
CHEMBL3430524	1
CHEMBL3430525	1
CHEMBL3430526	1
CHEMBL3430527	1
CHEMBL3430528	1
CHEMBL3430529	1
CHEMBL3430530	1
CHEMBL3430531	1
CHEMBL3430532	1
CHEMBL3430533	1
CHEMBL3430534	1
CHEMBL3430535	1
CHEMBL3430536	1
CHEMBL3430537	1
CHEMBL3430538	1
CHEMBL3430539	1
CHEMBL3430540	1
CHEMBL3430541	1
CHEMBL3430542	1
CHEMBL3430543	1
CHEMBL3430544	1
CHEMBL3430545	1
CHEMBL3430546	1
CHEMBL3430547	1
CHEMBL3430548	1
CHEMBL3430549	1
CHEMBL3430550	1
CHEMBL3430551	1
CHEMBL3430552	1
CHEMBL3430553	1
CHEMBL3430554	1
CHEMBL3430555	1
CHEMBL3430556	1
CHEMBL3430557	1
CHEMBL3430558	1
CHEMBL3430559	1
CHEMBL3430560	1
CHEMBL3430561	1
CHEMBL3430562	1
CHEMBL3430563	1
CHEMBL3430564	1
CHEMBL3430565	1
CHEMBL3430566	1
CHEMBL3430567	1
CHEMBL3430571	1
CHEMBL3430574	1
CHEMBL3430575	1
CHEMBL3430577	1
CHEMBL3430579	1
CHEMBL3430586	1
CHEMBL3430588	1
CHEMBL3430589	1
CHEMBL3430590	1
CHEMBL3430591	1
CHEMBL3430592	1
CHEMBL3430593	1
CHEMBL3430596	1
CHEMBL3430597	1
CHEMBL3430598	1
CHEMBL3430602	1
CHEMBL3430604	1
CHEMBL3430606	1
CHEMBL3430608	1
CHEMBL3430615	1
CHEMBL3430617	1
CHEMBL3430618	1
CHEMBL3430619	1
CHEMBL3430620	1
CHEMBL3430621	1
CHEMBL3430622	1
CHEMBL3430624	1
CHEMBL3430625	1
CHEMBL3430626	1
CHEMBL3430627	1
CHEMBL3430628	1
CHEMBL3430629	1
CHEMBL3430630	1
CHEMBL3430631	1
CHEMBL3430632	1
CHEMBL3430633	1
CHEMBL3430634	1
CHEMBL3430635	1
CHEMBL3430636	1
CHEMBL3430637	1
CHEMBL3430638	1
CHEMBL3430639	1
CHEMBL3430640	1
CHEMBL3430641	1
CHEMBL3430642	1
CHEMBL3430643	1
CHEMBL3430644	1
CHEMBL3430645	1
CHEMBL3430646	1
CHEMBL3430647	1
CHEMBL3430648	1
CHEMBL3430649	1
CHEMBL3430650	1
CHEMBL3430651	1
CHEMBL3430652	1
CHEMBL3430653	1
CHEMBL3430654	1
CHEMBL3430655	1
CHEMBL3430656	1
CHEMBL3430657	1
CHEMBL3430689	1
CHEMBL3430690	1
CHEMBL3430691	1
CHEMBL3430692	1
CHEMBL3430693	1
CHEMBL3430694	1
CHEMBL3430695	1
CHEMBL3430696	1
CHEMBL3430697	1
CHEMBL3430698	1
CHEMBL3430699	1
CHEMBL3430700	1
CHEMBL3430701	1
CHEMBL3430702	1
CHEMBL3430703	1
CHEMBL3430704	1
CHEMBL3430705	1
CHEMBL3430706	1
CHEMBL3430707	1
CHEMBL3430708	1
CHEMBL3430709	1
CHEMBL3430710	1
CHEMBL3430711	1
CHEMBL3430712	1
CHEMBL3430713	1
CHEMBL3430714	1
CHEMBL3430715	1
CHEMBL3430716	1
CHEMBL3430717	1
CHEMBL3430718	1
CHEMBL3430719	1
CHEMBL3430720	1
CHEMBL3430721	1
CHEMBL3430722	1
CHEMBL3430723	1
CHEMBL3430724	1
CHEMBL3430725	1
CHEMBL3430726	1
CHEMBL3430727	1
CHEMBL3430728	1
CHEMBL3430729	1
CHEMBL3430730	1
CHEMBL3430731	1
CHEMBL3430732	1
CHEMBL3430733	1
CHEMBL3430734	1
CHEMBL3430735	1
CHEMBL3430736	1
CHEMBL3430737	1
CHEMBL3430738	1
CHEMBL3430739	1
CHEMBL3430740	1
CHEMBL3430741	1
CHEMBL3430742	1
CHEMBL3430743	1
CHEMBL3430744	1
CHEMBL3430745	1
CHEMBL3430746	1
CHEMBL3430747	1
CHEMBL3430748	1
CHEMBL3430749	1
CHEMBL3430750	1
CHEMBL3436050	1
CHEMBL3436051	1
CHEMBL3436052	1
CHEMBL3436053	1
CHEMBL3436054	1
CHEMBL3436055	1
CHEMBL3436056	1
CHEMBL3436057	1
CHEMBL3436058	1
CHEMBL3436059	1
CHEMBL3436060	1
CHEMBL3436061	1
CHEMBL3436062	1
CHEMBL3436063	1
CHEMBL3436064	1
CHEMBL3436065	1
CHEMBL3436066	1
CHEMBL3436067	1
CHEMBL3436068	1
CHEMBL3436069	1
CHEMBL3436070	1
CHEMBL3436071	1
CHEMBL3436072	1
CHEMBL3436073	1
CHEMBL3436074	1
CHEMBL3436075	1
CHEMBL3436076	1
CHEMBL3436077	1
CHEMBL3436078	1
CHEMBL3436079	1
CHEMBL3436080	1
CHEMBL3436081	1
CHEMBL3436082	1
CHEMBL3436083	1
CHEMBL3436084	1
CHEMBL3436085	1
CHEMBL3436086	1
CHEMBL3436087	1
CHEMBL3436088	1
CHEMBL3436089	1
CHEMBL3436090	1
CHEMBL3436091	1
CHEMBL3436092	1
CHEMBL3436093	1
CHEMBL3436094	1
CHEMBL3436095	1
CHEMBL3436096	1
CHEMBL3436097	1
CHEMBL3436098	1
CHEMBL3436099	1
CHEMBL3436100	1
CHEMBL3436101	1
CHEMBL3436102	1
CHEMBL3436103	1
CHEMBL3436104	1
CHEMBL3436105	1
CHEMBL3436106	1
CHEMBL3436107	1
CHEMBL3436108	1
CHEMBL3436109	1
CHEMBL3436110	1
CHEMBL3436111	1
CHEMBL3436112	1
CHEMBL3436113	1
CHEMBL3436114	1
CHEMBL3436115	1
CHEMBL3436116	1
CHEMBL3436117	1
CHEMBL3436118	1
CHEMBL3436119	1
CHEMBL3436120	1
CHEMBL3436121	1
CHEMBL3436122	1
CHEMBL3436123	1
CHEMBL3436124	1
CHEMBL3436125	1
CHEMBL3436126	1
CHEMBL3436127	1
CHEMBL3436128	1
CHEMBL3436129	1
CHEMBL3436130	1
CHEMBL3436131	1
CHEMBL3436132	1
CHEMBL3436133	1
CHEMBL3436134	1
CHEMBL3436135	1
CHEMBL3436136	1
CHEMBL3436137	1
CHEMBL3436138	1
CHEMBL3436139	1
CHEMBL3436140	1
CHEMBL3436141	1
CHEMBL3436142	1
CHEMBL3436143	1
CHEMBL3436144	1
CHEMBL3436145	1
CHEMBL3436146	1
CHEMBL3436147	1
CHEMBL3436148	1
CHEMBL3436149	1
CHEMBL3436150	1
CHEMBL3436151	1
CHEMBL3436152	1
CHEMBL3436153	1
CHEMBL3436154	1
CHEMBL3436155	1
CHEMBL3436156	1
CHEMBL3436157	1
CHEMBL3436213	1
CHEMBL3436214	1
CHEMBL3436215	1
CHEMBL3436216	1
CHEMBL3436217	1
CHEMBL3436218	1
CHEMBL3436219	1
CHEMBL3436220	1
CHEMBL3436221	1
CHEMBL3436222	1
CHEMBL3436223	1
CHEMBL3436224	1
CHEMBL3436225	1
CHEMBL3436226	1
CHEMBL3436227	1
CHEMBL3508811	1
CHEMBL3508812	1
CHEMBL3508848	1
CHEMBL3508849	1
CHEMBL3508850	1
CHEMBL3508851	1
CHEMBL3508852	1
CHEMBL3406081	1
CHEMBL3406672	1
CHEMBL3406751	1
CHEMBL3407236	1
CHEMBL3407237	1
CHEMBL3411225	1
CHEMBL3411230	1
CHEMBL3413971	1
CHEMBL3419128	1
CHEMBL3419366	1
CHEMBL3419930	1
CHEMBL3424409	1
CHEMBL3428455	1
CHEMBL3428458	1
CHEMBL3368137	1
CHEMBL3368253	1
CHEMBL3369297	1
CHEMBL3369373	1
CHEMBL3369560	1
CHEMBL3370067	1
CHEMBL3370081	1
CHEMBL3370082	1
CHEMBL3370084	1
CHEMBL3370088	1
CHEMBL3370237	1
CHEMBL3370466	1
CHEMBL3370467	1
CHEMBL3370468	1
CHEMBL3371044	1
CHEMBL3372547	1
CHEMBL3372613	1
CHEMBL3372614	1
CHEMBL3372615	1
CHEMBL3372616	1
CHEMBL3372714	1
CHEMBL3379378	1
CHEMBL3380974	1
CHEMBL3382462	1
CHEMBL3382466	1
CHEMBL3382561	1
CHEMBL3382749	1
CHEMBL3382939	1
CHEMBL3383387	1
CHEMBL3383594	1
CHEMBL3383595	1
CHEMBL3383596	1
CHEMBL3383597	1
CHEMBL3383693	1
CHEMBL3383846	1
CHEMBL3384134	1
CHEMBL3384644	1
CHEMBL3384735	1
CHEMBL3362132	1
CHEMBL3362287	1
CHEMBL3362479	1
CHEMBL3362672	1
CHEMBL3362673	1
CHEMBL3362675	1
CHEMBL3362684	1
CHEMBL3363886	1
CHEMBL3364426	1
CHEMBL3365839	1
CHEMBL3366643	1
CHEMBL3366937	1
CHEMBL3385852	1
CHEMBL3387122	1
CHEMBL3387126	1
CHEMBL3387127	1
CHEMBL3387384	1
CHEMBL3388483	1
CHEMBL3389842	1
CHEMBL3390672	1
CHEMBL3395554	1
CHEMBL3395555	1
CHEMBL3395908	1
CHEMBL3404835	1
CHEMBL3294432	1
CHEMBL3295244	1
CHEMBL3300819	1
CHEMBL3373705	1
CHEMBL3374278	1
CHEMBL3374453	1
CHEMBL3376254	1
CHEMBL3376391	1
CHEMBL3376666	1
CHEMBL3376773	1
CHEMBL3378486	1
CHEMBL3378487	1
CHEMBL3378645	1
CHEMBL3292598	1
CHEMBL3292599	1
CHEMBL3292600	1
CHEMBL3292737	1
CHEMBL3292925	1
CHEMBL3293610	1
CHEMBL3269792	1
CHEMBL3270478	1
CHEMBL3270545	1
CHEMBL3271183	1
CHEMBL3271184	1
CHEMBL3271185	1
CHEMBL3271186	1
CHEMBL3271187	1
CHEMBL3271188	1
CHEMBL3224294	1
CHEMBL3225065	1
CHEMBL3225066	1
CHEMBL3225152	1
CHEMBL3226521	1
CHEMBL3227119	1
CHEMBL3266304	1
CHEMBL3266593	1
CHEMBL3266605	1
CHEMBL3267117	1
CHEMBL3267744	1
CHEMBL3268095	1
CHEMBL3268488	1
CHEMBL3239612	1
CHEMBL3239613	1
CHEMBL3239685	1
CHEMBL3239686	1
CHEMBL3239967	1
CHEMBL3240651	1
CHEMBL3241473	1
CHEMBL3241657	1
CHEMBL3241658	1
CHEMBL3241797	1
CHEMBL3242088	1
CHEMBL3242637	1
CHEMBL3243210	1
CHEMBL3243282	1
CHEMBL3131949	1
CHEMBL3131986	1
CHEMBL3135109	1
CHEMBL3135871	1
CHEMBL3223442	1
CHEMBL2422520	1
CHEMBL2422533	1
CHEMBL2424275	1
CHEMBL2427694	1
CHEMBL2429187	1
CHEMBL2429417	1
CHEMBL2432176	1
CHEMBL2432226	1
CHEMBL2444709	1
CHEMBL2444927	1
CHEMBL2445494	1
CHEMBL2445808	1
CHEMBL2446215	1
CHEMBL2447581	1
CHEMBL2447582	1
CHEMBL2447583	1
CHEMBL2447659	1
CHEMBL2439896	1
CHEMBL2443472	1
CHEMBL2443476	1
CHEMBL2443511	1
CHEMBL2412548	1
CHEMBL2412549	1
CHEMBL2412551	1
CHEMBL2415177	1
CHEMBL2415207	1
CHEMBL2415312	1
CHEMBL3070020	1
CHEMBL3100169	1
CHEMBL3100170	1
CHEMBL3100171	1
CHEMBL3100172	1
CHEMBL3100944	1
CHEMBL3101015	1
CHEMBL3101858	1
CHEMBL3102172	1
CHEMBL3102516	1
CHEMBL3102517	1
CHEMBL3102518	1
CHEMBL3102565	1
CHEMBL3106563	1
CHEMBL3106829	1
CHEMBL3107056	1
CHEMBL3107883	1
CHEMBL3074981	1
CHEMBL3089255	1
CHEMBL3089256	1
CHEMBL3090926	1
CHEMBL3094681	1
CHEMBL3095543	1
CHEMBL3096209	1
CHEMBL3096350	1
CHEMBL3096515	1
CHEMBL3096730	1
CHEMBL3108398	1
CHEMBL3111671	1
CHEMBL3116554	1
CHEMBL3116939	1
CHEMBL3117650	1
CHEMBL3117841	1
CHEMBL3118388	1
CHEMBL3118572	1
CHEMBL3122291	1
CHEMBL3123163	1
CHEMBL3123229	1
CHEMBL3123641	1
CHEMBL3124407	1
CHEMBL3128610	1
CHEMBL3129644	1
CHEMBL4616407	1
CHEMBL4616796	1
CHEMBL4617369	1
CHEMBL4617370	1
CHEMBL4617481	1
CHEMBL4618618	1
CHEMBL4618620	1
CHEMBL4618637	1
CHEMBL4619034	1
CHEMBL4619282	1
CHEMBL4619543	1
CHEMBL4619544	1
CHEMBL4619551	1
CHEMBL4620736	1
CHEMBL4620737	1
CHEMBL4680982	1
CHEMBL4681144	1
CHEMBL4681549	1
CHEMBL4683649	1
CHEMBL4685428	1
CHEMBL4685630	1
CHEMBL4629773	1
CHEMBL4629781	1
CHEMBL4666808	1
CHEMBL4667316	1
CHEMBL4667319	1
CHEMBL4667322	1
CHEMBL4667480	1
CHEMBL4667481	1
CHEMBL4667531	1
CHEMBL4606315	1
CHEMBL4606454	1
CHEMBL4610765	1
CHEMBL4611435	1
CHEMBL4612636	1
CHEMBL4612985	1
CHEMBL4613091	1
CHEMBL4613092	1
CHEMBL4613179	1
CHEMBL4615095	1
CHEMBL4676002	1
CHEMBL4676023	1
CHEMBL4676607	1
CHEMBL4676921	1
CHEMBL4677123	1
CHEMBL4677210	1
CHEMBL4677462	1
CHEMBL4679076	1
CHEMBL4679199	1
CHEMBL4679804	1
CHEMBL4679820	1
CHEMBL4679979	1
CHEMBL4680012	1
CHEMBL4621965	1
CHEMBL4622528	1
CHEMBL4623835	1
CHEMBL4623840	1
CHEMBL4623842	1
CHEMBL4623843	1
CHEMBL4623844	1
CHEMBL4623849	1
CHEMBL4623854	1
CHEMBL4623856	1
CHEMBL4624053	1
CHEMBL4625381	1
CHEMBL4626204	1
CHEMBL4668721	1
CHEMBL4668876	1
CHEMBL4668963	1
CHEMBL4669513	1
CHEMBL4669854	1
CHEMBL4669894	1
CHEMBL4670565	1
CHEMBL4670592	1
CHEMBL4672844	1
CHEMBL4673070	1
CHEMBL4673071	1
CHEMBL4775647	1
CHEMBL4775892	1
CHEMBL4807664	1
CHEMBL4807665	1
CHEMBL4822455	1
CHEMBL4823546	1
CHEMBL4823547	1
CHEMBL4823916	1
CHEMBL4824897	1
CHEMBL4824898	1
CHEMBL4824899	1
CHEMBL4825319	1
CHEMBL4825564	1
CHEMBL4825629	1
CHEMBL4826209	1
CHEMBL4826990	1
CHEMBL4809365	1
CHEMBL4809367	1
CHEMBL4810220	1
CHEMBL4810591	1
CHEMBL4810712	1
CHEMBL4810713	1
CHEMBL4811872	1
CHEMBL4812459	1
CHEMBL4813123	1
CHEMBL4813130	1
CHEMBL4813131	1
CHEMBL4813132	1
CHEMBL4813155	1
CHEMBL4813160	1
CHEMBL4813164	1
CHEMBL4813174	1
CHEMBL4813175	1
CHEMBL4813178	1
CHEMBL4769576	1
CHEMBL4769894	1
CHEMBL4769895	1
CHEMBL4769896	1
CHEMBL4769897	1
CHEMBL4769898	1
CHEMBL4769899	1
CHEMBL4769900	1
CHEMBL4769901	1
CHEMBL4769902	1
CHEMBL4769903	1
CHEMBL4769904	1
CHEMBL4769905	1
CHEMBL4769906	1
CHEMBL4769907	1
CHEMBL4769908	1
CHEMBL4769909	1
CHEMBL4769910	1
CHEMBL4769911	1
CHEMBL4769912	1
CHEMBL4769913	1
CHEMBL4769914	1
CHEMBL4769915	1
CHEMBL4769916	1
CHEMBL4769917	1
CHEMBL4769918	1
CHEMBL4769919	1
CHEMBL4769920	1
CHEMBL4769921	1
CHEMBL4769922	1
CHEMBL4769923	1
CHEMBL4770609	1
CHEMBL4773475	1
CHEMBL4815572	1
CHEMBL4817039	1
CHEMBL4817115	1
CHEMBL4818827	1
CHEMBL4827723	1
CHEMBL4827861	1
CHEMBL4827914	1
CHEMBL4827915	1
CHEMBL4828201	1
CHEMBL4828449	1
CHEMBL4830615	1
CHEMBL4830698	1
CHEMBL4830699	1
CHEMBL4831270	1
CHEMBL4765911	1
CHEMBL4765973	1
CHEMBL4765977	1
CHEMBL4765978	1
CHEMBL4765996	1
CHEMBL4765997	1
CHEMBL4765998	1
CHEMBL4766115	1
CHEMBL4768824	1
CHEMBL4401938	1
CHEMBL4402251	1
CHEMBL4402270	1
CHEMBL4402272	1
CHEMBL4402273	1
CHEMBL4404697	1
CHEMBL4405100	1
CHEMBL4405759	1
CHEMBL4405959	1
CHEMBL4406929	1
CHEMBL4407146	1
CHEMBL4407435	1
CHEMBL4410921	1
CHEMBL4410994	1
CHEMBL4410995	1
CHEMBL4412447	1
CHEMBL4412518	1
CHEMBL4413488	1
CHEMBL4413489	1
CHEMBL4413490	1
CHEMBL4432005	1
CHEMBL4432076	1
CHEMBL4432123	1
CHEMBL4432866	1
CHEMBL4433272	1
CHEMBL4433274	1
CHEMBL4433754	1
CHEMBL4478365	1
CHEMBL4478499	1
CHEMBL4479655	1
CHEMBL4480014	1
CHEMBL4426267	1
CHEMBL4427261	1
CHEMBL4427519	1
CHEMBL4427523	1
CHEMBL4427524	1
CHEMBL4427621	1
CHEMBL4428776	1
CHEMBL4428917	1
CHEMBL4428920	1
CHEMBL4428924	1
CHEMBL4429410	1
CHEMBL4429473	1
CHEMBL4429890	1
CHEMBL4431080	1
CHEMBL4431081	1
CHEMBL4431163	1
CHEMBL4431164	1
CHEMBL4431166	1
CHEMBL4431168	1
CHEMBL4481135	1
CHEMBL4481269	1
CHEMBL4481431	1
CHEMBL4603258	1
CHEMBL4603260	1
CHEMBL4603261	1
CHEMBL4604692	1
CHEMBL4605419	1
CHEMBL4605568	1
CHEMBL4605767	1
CHEMBL4421204	1
CHEMBL4421243	1
CHEMBL4424241	1
CHEMBL4424245	1
CHEMBL4414110	1
CHEMBL4415570	1
CHEMBL4416185	1
CHEMBL4416190	1
CHEMBL4416532	1
CHEMBL4416533	1
CHEMBL4416534	1
CHEMBL4416704	1
CHEMBL4416893	1
CHEMBL4688317	1
CHEMBL4689016	1
CHEMBL4689619	1
CHEMBL4689621	1
CHEMBL4700151	1
CHEMBL4700474	1
CHEMBL4700514	1
CHEMBL4700515	1
CHEMBL4700516	1
CHEMBL4701153	1
CHEMBL4701519	1
CHEMBL4701598	1
CHEMBL4701843	1
CHEMBL4714207	1
CHEMBL4714789	1
CHEMBL4714790	1
CHEMBL4714791	1
CHEMBL4714792	1
CHEMBL4714993	1
CHEMBL4715201	1
CHEMBL4715665	1
CHEMBL4717568	1
CHEMBL4703550	1
CHEMBL4704172	1
CHEMBL4704175	1
CHEMBL4704178	1
CHEMBL4704179	1
CHEMBL4704182	1
CHEMBL4705420	1
CHEMBL4705679	1
CHEMBL4705760	1
CHEMBL4705969	1
CHEMBL4706261	1
CHEMBL4706322	1
CHEMBL4706986	1
CHEMBL4706987	1
CHEMBL4706990	1
CHEMBL4706993	1
CHEMBL4706994	1
CHEMBL4707416	1
CHEMBL4707425	1
CHEMBL4707426	1
CHEMBL4707427	1
CHEMBL4707513	1
CHEMBL4727232	1
CHEMBL4727371	1
CHEMBL4729288	1
CHEMBL4729408	1
CHEMBL4729412	1
CHEMBL4730058	1
CHEMBL4731399	1
CHEMBL4720165	1
CHEMBL4720270	1
CHEMBL4721269	1
CHEMBL4722404	1
CHEMBL4722405	1
CHEMBL4722406	1
CHEMBL4724420	1
CHEMBL4712956	1
CHEMBL4733228	1
CHEMBL4733892	1
CHEMBL4734894	1
CHEMBL4734895	1
CHEMBL4734905	1
CHEMBL4734910	1
CHEMBL4735502	1
CHEMBL4735622	1
CHEMBL4735623	1
CHEMBL4735919	1
CHEMBL4735920	1
CHEMBL4736144	1
CHEMBL4736317	1
CHEMBL4372348	1
CHEMBL4373077	1
CHEMBL4373191	1
CHEMBL4375019	1
CHEMBL4375127	1
CHEMBL4375128	1
CHEMBL4375410	1
CHEMBL4377416	1
CHEMBL4378053	1
CHEMBL4378163	1
CHEMBL4378164	1
CHEMBL4378165	1
CHEMBL4378214	1
CHEMBL4378223	1
CHEMBL4378224	1
CHEMBL4378225	1
CHEMBL4378227	1
CHEMBL4380541	1
CHEMBL4381375	1
CHEMBL4381397	1
CHEMBL4381398	1
CHEMBL4381399	1
CHEMBL4381400	1
CHEMBL4381401	1
CHEMBL4383328	1
CHEMBL4383351	1
CHEMBL4383595	1
CHEMBL4392583	1
CHEMBL4392959	1
CHEMBL4392960	1
CHEMBL4392961	1
CHEMBL4392962	1
CHEMBL4394243	1
CHEMBL4394767	1
CHEMBL4394868	1
CHEMBL4394871	1
CHEMBL4395516	1
CHEMBL4395520	1
CHEMBL4360329	1
CHEMBL4360771	1
CHEMBL4365035	1
CHEMBL4365036	1
CHEMBL4384746	1
CHEMBL4385124	1
CHEMBL4385345	1
CHEMBL4385389	1
CHEMBL4385391	1
CHEMBL4385794	1
CHEMBL4386308	1
CHEMBL4388180	1
CHEMBL4388195	1
CHEMBL4367395	1
CHEMBL4369981	1
CHEMBL4370169	1
CHEMBL4370260	1
CHEMBL4370906	1
CHEMBL4371269	1
CHEMBL4396130	1
CHEMBL4396475	1
CHEMBL4396476	1
CHEMBL4397249	1
CHEMBL4401550	1
CHEMBL4331793	1
CHEMBL4331794	1
CHEMBL4331822	1
CHEMBL4332023	1
CHEMBL4332123	1
CHEMBL4332175	1
CHEMBL4332944	1
CHEMBL4333871	1
CHEMBL4342989	1
CHEMBL4343474	1
CHEMBL4344564	1
CHEMBL4345274	1
CHEMBL4355247	1
CHEMBL4355701	1
CHEMBL4355821	1
CHEMBL4355822	1
CHEMBL4355823	1
CHEMBL4355824	1
CHEMBL4356202	1
CHEMBL4356240	1
CHEMBL4357092	1
CHEMBL4357703	1
CHEMBL4358500	1
CHEMBL4358540	1
CHEMBL4358541	1
CHEMBL4358542	1
CHEMBL4358985	1
CHEMBL4349959	1
CHEMBL4351290	1
CHEMBL4351293	1
CHEMBL4352779	1
CHEMBL4338991	1
CHEMBL4339001	1
CHEMBL4339061	1
CHEMBL4339703	1
CHEMBL4339726	1
CHEMBL4341371	1
CHEMBL4341372	1
CHEMBL4341373	1
CHEMBL4341378	1
CHEMBL4324787	1
CHEMBL4325470	1
CHEMBL4325661	1
CHEMBL4326442	1
CHEMBL4329737	1
CHEMBL4329738	1
CHEMBL4329869	1
CHEMBL4329870	1
CHEMBL4329871	1
CHEMBL4322262	1
CHEMBL4322978	1
CHEMBL4322979	1
CHEMBL4323948	1
CHEMBL5031704	1
CHEMBL5032179	1
CHEMBL5032997	1
CHEMBL5033131	1
CHEMBL5033222	1
CHEMBL5033711	1
CHEMBL5034529	1
CHEMBL5034690	1
CHEMBL5035695	1
CHEMBL5035696	1
CHEMBL5035879	1
CHEMBL5035880	1
CHEMBL5035903	1
CHEMBL5036157	1
CHEMBL5036234	1
CHEMBL5036235	1
CHEMBL5036958	1
CHEMBL5037163	1
CHEMBL5043275	1
CHEMBL5043276	1
CHEMBL5043281	1
CHEMBL5043282	1
CHEMBL5043587	1
CHEMBL5044862	1
CHEMBL5045648	1
CHEMBL5046760	1
CHEMBL5047355	1
CHEMBL5047728	1
CHEMBL5047834	1
CHEMBL5048909	1
CHEMBL5048947	1
CHEMBL4833401	1
CHEMBL4833704	1
CHEMBL4833974	1
CHEMBL4834166	1
CHEMBL4834685	1
CHEMBL4834687	1
CHEMBL4834689	1
CHEMBL4835312	1
CHEMBL4835480	1
CHEMBL4835481	1
CHEMBL4835482	1
CHEMBL4835850	1
CHEMBL4836099	1
CHEMBL4836980	1
CHEMBL4837693	1
CHEMBL5037585	1
CHEMBL5038079	1
CHEMBL5038080	1
CHEMBL5038081	1
CHEMBL5038083	1
CHEMBL5038084	1
CHEMBL5038087	1
CHEMBL5038401	1
CHEMBL5039956	1
CHEMBL5039957	1
CHEMBL5039967	1
CHEMBL5040744	1
CHEMBL5040801	1
CHEMBL5042052	1
CHEMBL5042354	1
CHEMBL5042821	1
CHEMBL5043022	1
CHEMBL4885564	1
CHEMBL4885575	1
CHEMBL4885611	1
CHEMBL4885622	1
CHEMBL4886920	1
CHEMBL4887066	1
CHEMBL4887067	1
CHEMBL4887069	1
CHEMBL4887183	1
CHEMBL4887184	1
CHEMBL4887186	1
CHEMBL4887696	1
CHEMBL4887724	1
CHEMBL4888259	1
CHEMBL5029597	1
CHEMBL5029766	1
CHEMBL5029767	1
CHEMBL5030052	1
CHEMBL4845530	1
CHEMBL4881636	1
CHEMBL4881648	1
CHEMBL4881706	1
CHEMBL4881707	1
CHEMBL4881709	1
CHEMBL4881819	1
CHEMBL4881820	1
CHEMBL4881844	1
CHEMBL4882199	1
CHEMBL4882201	1
CHEMBL4882251	1
CHEMBL4882252	1
CHEMBL4882277	1
CHEMBL4882324	1
CHEMBL4882325	1
CHEMBL4882349	1
CHEMBL4882388	1
CHEMBL4882397	1
CHEMBL4882497	1
CHEMBL4882498	1
CHEMBL4882500	1
CHEMBL4882501	1
CHEMBL4839020	1
CHEMBL4839358	1
CHEMBL4839360	1
CHEMBL4839361	1
CHEMBL4839391	1
CHEMBL4839646	1
CHEMBL4839870	1
CHEMBL4840058	1
CHEMBL4840059	1
CHEMBL4840060	1
CHEMBL4840061	1
CHEMBL4840062	1
CHEMBL4840063	1
CHEMBL4840064	1
CHEMBL4840065	1
CHEMBL4841576	1
CHEMBL4841581	1
CHEMBL4841815	1
CHEMBL4842058	1
CHEMBL4842280	1
CHEMBL4843291	1
CHEMBL4844342	1
CHEMBL4844548	1
CHEMBL4844694	1
CHEMBL1287090	1
CHEMBL1291075	1
CHEMBL1291115	1
CHEMBL1292190	1
CHEMBL1633012	1
CHEMBL1633013	1
CHEMBL1633014	1
CHEMBL1646084	1
CHEMBL1648362	1
CHEMBL1648772	1
CHEMBL1251106	1
CHEMBL1261328	1
CHEMBL1261329	1
CHEMBL1272885	1
CHEMBL1272988	1
CHEMBL1273133	1
CHEMBL1273561	1
CHEMBL1274055	1
CHEMBL1274956	1
CHEMBL1275154	1
CHEMBL1285383	1
CHEMBL1285384	1
CHEMBL1663293	1
CHEMBL1663427	1
CHEMBL1764027	1
CHEMBL1764146	1
CHEMBL1764848	1
CHEMBL1767991	1
CHEMBL1769627	1
CHEMBL1769628	1
CHEMBL1769664	1
CHEMBL1772125	1
CHEMBL1680956	1
CHEMBL1681578	1
CHEMBL1685373	1
CHEMBL1685382	1
CHEMBL1685483	1
CHEMBL1685790	1
CHEMBL1686112	1
CHEMBL1686253	1
CHEMBL1686290	1
CHEMBL1686392	1
CHEMBL1686924	1
CHEMBL1687012	1
CHEMBL1687013	1
CHEMBL1687592	1
CHEMBL1693396	1
CHEMBL1693505	1
CHEMBL1695229	1
CHEMBL1656031	1
CHEMBL1656176	1
CHEMBL1657039	1
CHEMBL1657555	1
CHEMBL1670484	1
CHEMBL1670487	1
CHEMBL1670969	1
CHEMBL1680285	1
CHEMBL1011666	1
CHEMBL1011668	1
CHEMBL1011669	1
CHEMBL1011671	1
CHEMBL1011722	1
CHEMBL1015312	1
CHEMBL1015853	1
CHEMBL1019587	1
CHEMBL1022019	1
CHEMBL1022279	1
CHEMBL1006160	1
CHEMBL1006977	1
CHEMBL1007876	1
CHEMBL1008798	1
CHEMBL1009664	1
CHEMBL1009827	1
CHEMBL1010854	1
CHEMBL1010978	1
CHEMBL1002098	1
CHEMBL1030632	1
CHEMBL1031025	1
CHEMBL1031436	1
CHEMBL1032303	1
CHEMBL1033907	1
CHEMBL1035711	1
CHEMBL1036186	1
CHEMBL1039315	1
CHEMBL1039573	1
CHEMBL1039575	1
CHEMBL1039578	1
CHEMBL1039908	1
CHEMBL1039909	1
CHEMBL1039910	1
CHEMBL1039911	1
CHEMBL1039912	1
CHEMBL1024839	1
CHEMBL1025211	1
CHEMBL1027291	1
CHEMBL1105838	1
CHEMBL1107055	1
CHEMBL1108730	1
CHEMBL1110023	1
CHEMBL1110809	1
CHEMBL1175155	1
CHEMBL1175156	1
CHEMBL1176445	1
CHEMBL1176475	1
CHEMBL1176476	1
CHEMBL1111479	1
CHEMBL1111592	1
CHEMBL1112472	1
CHEMBL1114086	1
CHEMBL1114347	1
CHEMBL1114418	1
CHEMBL1114477	1
CHEMBL1116226	1
CHEMBL1116227	1
CHEMBL1116645	1
CHEMBL1246028	1
CHEMBL1247037	1
CHEMBL1247719	1
CHEMBL1247720	1
CHEMBL1247721	1
CHEMBL1247722	1
CHEMBL1211955	1
CHEMBL1211970	1
CHEMBL1212048	1
CHEMBL1217440	1
CHEMBL1217643	1
CHEMBL1219614	1
CHEMBL1117016	1
CHEMBL1117033	1
CHEMBL1117034	1
CHEMBL1117803	1
CHEMBL1118799	1
CHEMBL1118859	1
CHEMBL1118860	1
CHEMBL1120057	1
CHEMBL1120444	1
CHEMBL1121010	1
CHEMBL1121078	1
CHEMBL1924330	1
CHEMBL1924379	1
CHEMBL1924735	1
CHEMBL1924736	1
CHEMBL1925825	1
CHEMBL1925887	1
CHEMBL1926423	1
CHEMBL1930402	1
CHEMBL1931604	1
CHEMBL1931637	1
CHEMBL1816995	1
CHEMBL1817375	1
CHEMBL1817377	1
CHEMBL1817378	1
CHEMBL1819679	1
CHEMBL1819703	1
CHEMBL1820160	1
CHEMBL1820254	1
CHEMBL1820405	1
CHEMBL1821020	1
CHEMBL1826008	1
CHEMBL1827361	1
CHEMBL1804845	1
CHEMBL1805122	1
CHEMBL1805351	1
CHEMBL1809557	1
CHEMBL1810316	1
CHEMBL1810638	1
CHEMBL1810895	1
CHEMBL1810943	1
CHEMBL1811063	1
CHEMBL1815100	1
CHEMBL1816265	1
CHEMBL1816269	1
CHEMBL1772827	1
CHEMBL1772911	1
CHEMBL1775806	1
CHEMBL1776071	1
CHEMBL1777309	1
CHEMBL1780724	1
CHEMBL1781114	1
CHEMBL1781167	1
CHEMBL1781387	1
CHEMBL1840135	1
CHEMBL1840136	1
CHEMBL1912915	1
CHEMBL1913068	1
CHEMBL1913329	1
CHEMBL1913479	1
CHEMBL1918054	1
CHEMBL1918055	1
CHEMBL1918386	1
CHEMBL1918475	1
CHEMBL1918604	1
CHEMBL1918710	1
CHEMBL1918740	1
CHEMBL1918786	1
CHEMBL1918787	1
CHEMBL1918791	1
CHEMBL1918793	1
CHEMBL1918794	1
CHEMBL1919030	1
CHEMBL1919559	1
CHEMBL1919843	1
CHEMBL1919844	1
CHEMBL1798196	1
CHEMBL1798198	1
CHEMBL1798944	1
CHEMBL1803284	1
CHEMBL1803823	1
CHEMBL1831362	1
CHEMBL1831807	1
CHEMBL1832757	1
CHEMBL1833187	1
CHEMBL1837312	1
CHEMBL1837830	1
CHEMBL1837926	1
CHEMBL1838314	1
CHEMBL1839401	1
CHEMBL1839780	1
CHEMBL1052485	1
CHEMBL1052982	1
CHEMBL1052984	1
CHEMBL1054528	1
CHEMBL1054706	1
CHEMBL1063998	1
CHEMBL1065723	1
CHEMBL1065724	1
CHEMBL1066164	1
CHEMBL1066810	1
CHEMBL1066913	1
CHEMBL1066915	1
CHEMBL1068556	1
CHEMBL1068919	1
CHEMBL1068920	1
CHEMBL1058832	1
CHEMBL1059036	1
CHEMBL1059728	1
CHEMBL1060814	1
CHEMBL1061682	1
CHEMBL1062488	1
CHEMBL1063195	1
CHEMBL1063264	1
CHEMBL1063374	1
CHEMBL1041011	1
CHEMBL1041817	1
CHEMBL1043076	1
CHEMBL1043077	1
CHEMBL1043202	1
CHEMBL1069964	1
CHEMBL1071753	1
CHEMBL1072008	1
CHEMBL1073464	1
CHEMBL1046361	1
CHEMBL1046692	1
CHEMBL1047209	1
CHEMBL1047263	1
CHEMBL1047806	1
CHEMBL1049590	1
CHEMBL1049781	1
CHEMBL1050164	1
CHEMBL1051458	1
CHEMBL1100678	1
CHEMBL1101945	1
CHEMBL1102324	1
CHEMBL1104518	1
CHEMBL2026855	1
CHEMBL2026856	1
CHEMBL2032625	1
CHEMBL2032963	1
CHEMBL2034070	1
CHEMBL2034479	1
CHEMBL2034490	1
CHEMBL2034507	1
CHEMBL2037899	1
CHEMBL2038295	1
CHEMBL2038328	1
CHEMBL2038379	1
CHEMBL2038956	1
CHEMBL2039052	1
CHEMBL2039158	1
CHEMBL1943689	1
CHEMBL1944138	1
CHEMBL1947811	1
CHEMBL1947911	1
CHEMBL1947996	1
CHEMBL1947997	1
CHEMBL1952936	1
CHEMBL1952937	1
CHEMBL1953186	1
CHEMBL1953695	1
CHEMBL1953696	1
CHEMBL1953697	1
CHEMBL1954009	1
CHEMBL1954226	1
CHEMBL1954249	1
CHEMBL1954402	1
CHEMBL1954705	1
CHEMBL1954706	1
CHEMBL1954756	1
CHEMBL2014637	1
CHEMBL2016219	1
CHEMBL2019592	1
CHEMBL2019938	1
CHEMBL2020267	1
CHEMBL2020461	1
CHEMBL2020462	1
CHEMBL2020788	1
CHEMBL2024791	1
CHEMBL2024833	1
CHEMBL2039631	1
CHEMBL2040049	1
CHEMBL2040050	1
CHEMBL2040072	1
CHEMBL2040133	1
CHEMBL2040331	1
CHEMBL2044716	1
CHEMBL2045039	1
CHEMBL2045044	1
CHEMBL2046027	1
CHEMBL2049550	1
CHEMBL2049735	1
CHEMBL2050026	1
CHEMBL2050027	1
CHEMBL2050733	1
CHEMBL2050734	1
CHEMBL2051023	1
CHEMBL1932266	1
CHEMBL1932785	1
CHEMBL1932786	1
CHEMBL1936822	1
CHEMBL1937279	1
CHEMBL1937518	1
CHEMBL1942506	1
CHEMBL1942803	1
CHEMBL2060325	1
CHEMBL2060605	1
CHEMBL2060621	1
CHEMBL2060687	1
CHEMBL2067584	1
CHEMBL1955663	1
CHEMBL1959689	1
CHEMBL1961177	1
CHEMBL2013260	1
CHEMBL2014232	1
