year	document_chembl_id
1994.0	CHEMBL1159134
1997.0	CHEMBL1130547
1999.0	CHEMBL1132000
2001.0	CHEMBL1134151
2002.0	CHEMBL1135170
2003.0	CHEMBL1136402
2003.0	CHEMBL1136167
2004.0	CHEMBL1146708
2004.0	CHEMBL1137936
2004.0	CHEMBL1147446
2004.0	CHEMBL1147603
1987.0	CHEMBL1123712
1987.0	CHEMBL1123720
1988.0	CHEMBL1124014
1990.0	CHEMBL1125160
1990.0	CHEMBL1124881
1993.0	CHEMBL1126878
1993.0	CHEMBL1126913
1993.0	CHEMBL1127038
1995.0	CHEMBL1128711
1995.0	CHEMBL1128716
1995.0	CHEMBL1128729
1995.0	CHEMBL1128175
1996.0	CHEMBL1129670
1997.0	CHEMBL1130298
1999.0	CHEMBL1132339
2000.0	CHEMBL1133009
2001.0	CHEMBL1134475
2001.0	CHEMBL1134478
2001.0	CHEMBL1134579
2001.0	CHEMBL1134672
2001.0	CHEMBL1134676
2001.0	CHEMBL1134342
2002.0	CHEMBL1135455
2002.0	CHEMBL1135758
2002.0	CHEMBL1135811
2003.0	CHEMBL1145042
2003.0	CHEMBL1145790
2003.0	CHEMBL1145963
2004.0	CHEMBL1149193
2004.0	CHEMBL1149147
2004.0	CHEMBL1137856
2004.0	CHEMBL1137046
2004.0	CHEMBL1138017
2004.0	CHEMBL1138723
2005.0	CHEMBL1139555
2005.0	CHEMBL1139598
2005.0	CHEMBL1140272
2005.0	CHEMBL1142766
2005.0	CHEMBL1144337
2005.0	CHEMBL1142003
2005.0	CHEMBL1142050
2005.0	CHEMBL1143543
2005.0	CHEMBL1144373
2005.0	CHEMBL1142718
2005.0	CHEMBL1142854
2005.0	CHEMBL1141081
2005.0	CHEMBL1140425
2006.0	CHEMBL1148600
2006.0	CHEMBL1149372
2006.0	CHEMBL1149413
2006.0	CHEMBL1138143
2006.0	CHEMBL1138163
2006.0	CHEMBL1138170
2006.0	CHEMBL1138981
2006.0	CHEMBL1138985
2006.0	CHEMBL1139653
2006.0	CHEMBL1139656
2006.0	CHEMBL1146078
2006.0	CHEMBL1146106
2006.0	CHEMBL1146123
2006.0	CHEMBL1146124
2006.0	CHEMBL1146943
2006.0	CHEMBL1146974
2006.0	CHEMBL1147650
2006.0	CHEMBL1147687
2006.0	CHEMBL1147799
2006.0	CHEMBL1147801
2006.0	CHEMBL1147831
2006.0	CHEMBL1148517
2006.0	CHEMBL1148642
2006.0	CHEMBL1148661
2006.0	CHEMBL1138045
2006.0	CHEMBL1138058
2006.0	CHEMBL1138061
2006.0	CHEMBL1138064
2006.0	CHEMBL1138893
2006.0	CHEMBL1138974
2006.0	CHEMBL1145304
2006.0	CHEMBL1145308
2006.0	CHEMBL1145312
2006.0	CHEMBL1146021
2006.0	CHEMBL1146045
2006.0	CHEMBL1146860
2006.0	CHEMBL1148680
2006.0	CHEMBL1149519
2006.0	CHEMBL1137327
2006.0	CHEMBL1137352
2006.0	CHEMBL1137354
2006.0	CHEMBL1137403
2006.0	CHEMBL1138877
2006.0	CHEMBL1138879
2007.0	CHEMBL1147984
2007.0	CHEMBL1137582
2007.0	CHEMBL1137584
2007.0	CHEMBL1137586
2007.0	CHEMBL1137588
2007.0	CHEMBL1137589
2006.0	CHEMBL1137272
2006.0	CHEMBL1137274
2006.0	CHEMBL1137244
2006.0	CHEMBL1137276
2006.0	CHEMBL1137302
2006.0	CHEMBL1139687
2006.0	CHEMBL1139719
2006.0	CHEMBL1139722
2007.0	CHEMBL1141373
2007.0	CHEMBL1141406
2007.0	CHEMBL1142982
2004.0	CHEMBL1149259
2004.0	CHEMBL1149290
2007.0	CHEMBL1147155
2007.0	CHEMBL1139865
2007.0	CHEMBL1142907
2007.0	CHEMBL1143695
2007.0	CHEMBL1143739
2007.0	CHEMBL1144619
2007.0	CHEMBL1145354
2007.0	CHEMBL1145366
2007.0	CHEMBL1145373
2007.0	CHEMBL1145378
2007.0	CHEMBL1145402
2007.0	CHEMBL1145410
2007.0	CHEMBL1146203
2007.0	CHEMBL1146290
2007.0	CHEMBL1147937
2007.0	CHEMBL1148753
2007.0	CHEMBL1148818
2007.0	CHEMBL1148835
2007.0	CHEMBL1148848
2007.0	CHEMBL1149643
2007.0	CHEMBL1137437
2007.0	CHEMBL1137440
2007.0	CHEMBL1137458
2007.0	CHEMBL1137497
2007.0	CHEMBL1138333
2007.0	CHEMBL1138334
2007.0	CHEMBL1138349
2007.0	CHEMBL1138361
2007.0	CHEMBL1139118
2007.0	CHEMBL1139120
2007.0	CHEMBL1139124
2007.0	CHEMBL1139125
2007.0	CHEMBL1139143
2007.0	CHEMBL1139157
2007.0	CHEMBL1139188
2007.0	CHEMBL1139198
2007.0	CHEMBL1139199
2007.0	CHEMBL1139948
2007.0	CHEMBL1139970
2007.0	CHEMBL1140675
2007.0	CHEMBL1139807
2007.0	CHEMBL1139808
2007.0	CHEMBL1139812
2007.0	CHEMBL1139824
2007.0	CHEMBL1139825
2007.0	CHEMBL1140523
2007.0	CHEMBL1140586
2007.0	CHEMBL1140588
2007.0	CHEMBL1140623
2008.0	CHEMBL1140726
2007.0	CHEMBL1141460
2008.0	CHEMBL1140803
2008.0	CHEMBL1140829
2008.0	CHEMBL1140833
2008.0	CHEMBL1141496
2008.0	CHEMBL1141499
2008.0	CHEMBL1141522
2008.0	CHEMBL1141530
2008.0	CHEMBL1141539
2008.0	CHEMBL1141541
2008.0	CHEMBL1141544
2008.0	CHEMBL1141561
2008.0	CHEMBL1141563
2008.0	CHEMBL1141595
2008.0	CHEMBL1142250
2008.0	CHEMBL1142271
2008.0	CHEMBL1142297
2008.0	CHEMBL1142327
2008.0	CHEMBL1142358
2008.0	CHEMBL1142361
2007.0	CHEMBL1142222
2008.0	CHEMBL1143097
2008.0	CHEMBL1143157
2008.0	CHEMBL1143205
2008.0	CHEMBL1143246
2008.0	CHEMBL1143883
2008.0	CHEMBL1143959
2008.0	CHEMBL1144031
2008.0	CHEMBL1144811
2008.0	CHEMBL1144843
2008.0	CHEMBL1145558
2008.0	CHEMBL1145564
2008.0	CHEMBL1145598
2008.0	CHEMBL1145621
2008.0	CHEMBL1150320
2008.0	CHEMBL1150324
2008.0	CHEMBL1150418
2007.0	CHEMBL1156508
2008.0	CHEMBL1157138
2008.0	CHEMBL1155111
2008.0	CHEMBL1155810
2008.0	CHEMBL1155842
2008.0	CHEMBL1155858
2008.0	CHEMBL1155867
2008.0	CHEMBL1155868
2008.0	CHEMBL1155886
2008.0	CHEMBL1155900
2008.0	CHEMBL1155906
2008.0	CHEMBL1156554
2008.0	CHEMBL1156565
2008.0	CHEMBL1156633
2008.0	CHEMBL1156734
2008.0	CHEMBL1157430
2008.0	CHEMBL1157462
2008.0	CHEMBL1157476
2008.0	CHEMBL1157483
2008.0	CHEMBL1157496
2008.0	CHEMBL1157515
2008.0	CHEMBL1157525
2008.0	CHEMBL1157535
2008.0	CHEMBL1144191
2008.0	CHEMBL1144211
2008.0	CHEMBL1142492
2008.0	CHEMBL1142499
2008.0	CHEMBL1142515
2008.0	CHEMBL1151747
2008.0	CHEMBL1152152
2008.0	CHEMBL1152163
2008.0	CHEMBL1152177
2008.0	CHEMBL1152205
2008.0	CHEMBL1152208
2009.0	CHEMBL1139268
2009.0	CHEMBL1139344
2009.0	CHEMBL1139353
2009.0	CHEMBL1139370
2008.0	CHEMBL1139413
2008.0	CHEMBL1139415
2008.0	CHEMBL1140078
2008.0	CHEMBL1140081
2008.0	CHEMBL1140111
2008.0	CHEMBL1140120
2008.0	CHEMBL1140127
2008.0	CHEMBL1140141
2008.0	CHEMBL1140155
2008.0	CHEMBL1140162
2008.0	CHEMBL1140166
2009.0	CHEMBL1140918
2009.0	CHEMBL1140923
2009.0	CHEMBL1140927
2009.0	CHEMBL1140953
2008.0	CHEMBL1141007
2009.0	CHEMBL1141029
2009.0	CHEMBL1143329
2009.0	CHEMBL1143380
2008.0	CHEMBL1141692
2008.0	CHEMBL1141693
2008.0	CHEMBL1141701
2008.0	CHEMBL1152277
2008.0	CHEMBL1152282
2008.0	CHEMBL1152288
2008.0	CHEMBL1152295
2009.0	CHEMBL1152710
2009.0	CHEMBL1152728
2009.0	CHEMBL1152762
2009.0	CHEMBL1152811
2009.0	CHEMBL1152812
2009.0	CHEMBL1152875
2009.0	CHEMBL1152883
2009.0	CHEMBL1153277
2009.0	CHEMBL1153304
2009.0	CHEMBL1153351
2009.0	CHEMBL1153362
2009.0	CHEMBL1153427
2009.0	CHEMBL1153958
2009.0	CHEMBL1153974
2009.0	CHEMBL1153978
2009.0	CHEMBL1153986
2009.0	CHEMBL1154397
2008.0	CHEMBL1154445
2009.0	CHEMBL1136848
2009.0	CHEMBL1136869
2009.0	CHEMBL1136872
2009.0	CHEMBL1136885
2009.0	CHEMBL1136886
2009.0	CHEMBL1136941
2009.0	CHEMBL1136951
2009.0	CHEMBL1136958
2009.0	CHEMBL1137005
2009.0	CHEMBL1137011
2009.0	CHEMBL1137751
2009.0	CHEMBL1137783
2009.0	CHEMBL1138441
2009.0	CHEMBL1138485
2009.0	CHEMBL1138521
2009.0	CHEMBL1138528
2009.0	CHEMBL1138582
2009.0	CHEMBL1138584
2009.0	CHEMBL1138586
2009.0	CHEMBL1138602
2009.0	CHEMBL1138611
2009.0	CHEMBL1158414
2009.0	CHEMBL1158452
2009.0	CHEMBL1158455
2009.0	CHEMBL1158463
2009.0	CHEMBL1158476
2009.0	CHEMBL1151858
2009.0	CHEMBL1151935
2009.0	CHEMBL1152333
2009.0	CHEMBL1152393
2009.0	CHEMBL1152400
2009.0	CHEMBL1152417
2009.0	CHEMBL1152437
2009.0	CHEMBL1152438
2009.0	CHEMBL1152446
2009.0	CHEMBL1152451
2009.0	CHEMBL1152970
2009.0	CHEMBL1152349
2009.0	CHEMBL1152368
2009.0	CHEMBL1152381
2009.0	CHEMBL1152385
2009.0	CHEMBL1153045
2009.0	CHEMBL1153053
2009.0	CHEMBL1153056
2009.0	CHEMBL1153063
2009.0	CHEMBL1153075
2009.0	CHEMBL1153458
2009.0	CHEMBL1153467
2009.0	CHEMBL1153470
2009.0	CHEMBL1153484
2009.0	CHEMBL1153519
2009.0	CHEMBL1153520
2009.0	CHEMBL1153522
2009.0	CHEMBL1153532
2009.0	CHEMBL1153627
2009.0	CHEMBL1154013
2009.0	CHEMBL1154038
2009.0	CHEMBL1154085
2009.0	CHEMBL1154162
2009.0	CHEMBL1154167
2009.0	CHEMBL1154171
2009.0	CHEMBL1154177
2009.0	CHEMBL1154610
2009.0	CHEMBL1154611
2009.0	CHEMBL1154613
2009.0	CHEMBL1154688
2009.0	CHEMBL1154698
2009.0	CHEMBL1154736
2009.0	CHEMBL1155233
2009.0	CHEMBL1155247
2009.0	CHEMBL1155318
2009.0	CHEMBL1155321
2009.0	CHEMBL1155340
2009.0	CHEMBL1155351
2009.0	CHEMBL1155359
2009.0	CHEMBL1155962
2009.0	CHEMBL1155963
2009.0	CHEMBL1155989
2009.0	CHEMBL1155998
2009.0	CHEMBL1156015
2009.0	CHEMBL1156026
2009.0	CHEMBL1156048
2009.0	CHEMBL1156057
2009.0	CHEMBL1156066
2009.0	CHEMBL1156077
2009.0	CHEMBL1156101
2010.0	CHEMBL1156785
2009.0	CHEMBL1152519
2010.0	CHEMBL1153113
2010.0	CHEMBL1153119
2010.0	CHEMBL1153120
2010.0	CHEMBL1153137
2010.0	CHEMBL1153244
2010.0	CHEMBL1156870
2010.0	CHEMBL1156884
2010.0	CHEMBL1156904
2010.0	CHEMBL1156924
2010.0	CHEMBL1157614
2010.0	CHEMBL1157620
2010.0	CHEMBL1157659
2010.0	CHEMBL1158507
2010.0	CHEMBL1158511
2010.0	CHEMBL1158513
2010.0	CHEMBL1158517
2010.0	CHEMBL1159071
2010.0	CHEMBL1159080
2010.0	CHEMBL1159083
2010.0	CHEMBL1159116
2009.0	CHEMBL1154203
2009.0	CHEMBL1154224
2009.0	CHEMBL1154229
2009.0	CHEMBL1154258
2009.0	CHEMBL1154321
2009.0	CHEMBL1154336
2009.0	CHEMBL1154342
2009.0	CHEMBL1154346
2010.0	CHEMBL1153718
2010.0	CHEMBL1154904
2010.0	CHEMBL1154932
2010.0	CHEMBL1154934
2010.0	CHEMBL1154954
2010.0	CHEMBL1154970
2010.0	CHEMBL1155369
2010.0	CHEMBL1155385
2010.0	CHEMBL1155389
2010.0	CHEMBL1156265
2010.0	CHEMBL1156278
2010.0	CHEMBL1156281
2010.0	CHEMBL1156291
2010.0	CHEMBL1156307
2010.0	CHEMBL1156328
2010.0	CHEMBL1156338
2010.0	CHEMBL1156340
2010.0	CHEMBL1156954
2010.0	CHEMBL1156955
2010.0	CHEMBL1156967
2010.0	CHEMBL1156971
2010.0	CHEMBL1156169
2010.0	CHEMBL1156178
2010.0	CHEMBL1156220
2010.0	CHEMBL1157794
2010.0	CHEMBL1157799
2010.0	CHEMBL1157802
2010.0	CHEMBL1157825
2010.0	CHEMBL1157885
2010.0	CHEMBL1158539
2010.0	CHEMBL1158546
2010.0	CHEMBL1158548
2010.0	CHEMBL1158560
2010.0	CHEMBL1158564
2010.0	CHEMBL1158565
2010.0	CHEMBL1157119
2010.0	CHEMBL1157744
2010.0	CHEMBL1155446
2010.0	CHEMBL1155448
2010.0	CHEMBL1155453
2010.0	CHEMBL1155506
2010.0	CHEMBL1155513
2010.0	CHEMBL1155515
2010.0	CHEMBL1155519
2010.0	CHEMBL1155527
2010.0	CHEMBL1155534
2010.0	CHEMBL1155538
2010.0	CHEMBL1155540
2010.0	CHEMBL1158599
2010.0	CHEMBL1158602
2010.0	CHEMBL1158622
2010.0	CHEMBL1158627
2010.0	CHEMBL1177762
2010.0	CHEMBL1177783
2010.0	CHEMBL1177792
2010.0	CHEMBL1177831
2010.0	CHEMBL1177669
2010.0	CHEMBL1177700
2010.0	CHEMBL1177706
	CHEMBL1201862
2010.0	CHEMBL1208692
2010.0	CHEMBL1208739
2010.0	CHEMBL1208761
2010.0	CHEMBL1208762
2010.0	CHEMBL1208767
2010.0	CHEMBL1208792
2010.0	CHEMBL1212834
2010.0	CHEMBL1212860
2010.0	CHEMBL1212880
2010.0	CHEMBL1212897
2010.0	CHEMBL1212920
2010.0	CHEMBL1212923
2010.0	CHEMBL1221236
2010.0	CHEMBL1221253
2010.0	CHEMBL1221281
2010.0	CHEMBL1221291
2010.0	CHEMBL1221311
2010.0	CHEMBL1221322
2010.0	CHEMBL1221332
2010.0	CHEMBL1221355
2010.0	CHEMBL1221361
2010.0	CHEMBL1221377
2010.0	CHEMBL1240442
2010.0	CHEMBL1240530
2010.0	CHEMBL1240532
2010.0	CHEMBL1250528
2010.0	CHEMBL1255514
2010.0	CHEMBL1255554
2010.0	CHEMBL1255556
2010.0	CHEMBL1255216
2010.0	CHEMBL1268866
2010.0	CHEMBL1268880
2010.0	CHEMBL1268809
2010.0	CHEMBL1268849
2010.0	CHEMBL1268885
2010.0	CHEMBL1268886
2010.0	CHEMBL1268902
2010.0	CHEMBL1268928
2010.0	CHEMBL1268946
2010.0	CHEMBL1268956
2010.0	CHEMBL1268978
2010.0	CHEMBL1268988
2010.0	CHEMBL1269008
2010.0	CHEMBL1275274
2010.0	CHEMBL1275350
2010.0	CHEMBL1275351
2010.0	CHEMBL1287671
2010.0	CHEMBL1287678
2010.0	CHEMBL1287684
2010.0	CHEMBL1287696
2010.0	CHEMBL1287714
2010.0	CHEMBL1287722
2010.0	CHEMBL1287724
2010.0	CHEMBL1287744
2010.0	CHEMBL1287746
2010.0	CHEMBL1287756
2010.0	CHEMBL1287766
2010.0	CHEMBL1287767
2010.0	CHEMBL1629713
2010.0	CHEMBL1629455
2010.0	CHEMBL1629528
2011.0	CHEMBL1641460
2011.0	CHEMBL1641467
2011.0	CHEMBL1641472
2011.0	CHEMBL1641497
2011.0	CHEMBL1641519
2011.0	CHEMBL1641536
2011.0	CHEMBL1641559
2011.0	CHEMBL1641363
2011.0	CHEMBL1641370
2011.0	CHEMBL1641377
2011.0	CHEMBL1641404
2011.0	CHEMBL1641412
2011.0	CHEMBL1641414
2011.0	CHEMBL1641425
2011.0	CHEMBL1649066
2011.0	CHEMBL1649073
2011.0	CHEMBL1649093
2011.0	CHEMBL1649104
2011.0	CHEMBL1649108
2010.0	CHEMBL1649335
2011.0	CHEMBL1649374
2011.0	CHEMBL1649412
2011.0	CHEMBL1649416
2011.0	CHEMBL1667769
2011.0	CHEMBL1667772
2011.0	CHEMBL1667811
2011.0	CHEMBL1667819
2011.0	CHEMBL1667835
2011.0	CHEMBL1667846
2011.0	CHEMBL1671772
2011.0	CHEMBL1671827
2011.0	CHEMBL1671835
2011.0	CHEMBL1671841
2011.0	CHEMBL1681652
2011.0	CHEMBL1681665
2011.0	CHEMBL1681668
2011.0	CHEMBL1681676
2011.0	CHEMBL1681689
2011.0	CHEMBL1681706
2011.0	CHEMBL1681708
2011.0	CHEMBL1681710
2011.0	CHEMBL1681724
2011.0	CHEMBL1681732
2011.0	CHEMBL1681746
2011.0	CHEMBL1681775
2010.0	CHEMBL1687698
2011.0	CHEMBL1759901
2011.0	CHEMBL1759932
2011.0	CHEMBL1759849
2011.0	CHEMBL1759894
2011.0	CHEMBL1759994
2011.0	CHEMBL1759846
2011.0	CHEMBL1759997
2011.0	CHEMBL1759918
2011.0	CHEMBL1759893
2011.0	CHEMBL1759892
2011.0	CHEMBL1765084
2011.0	CHEMBL1764974
2011.0	CHEMBL1764953
2011.0	CHEMBL1770110
2011.0	CHEMBL1770088
2011.0	CHEMBL1770137
2011.0	CHEMBL1770133
2011.0	CHEMBL1770083
2011.0	CHEMBL1770138
2011.0	CHEMBL1773004
2011.0	CHEMBL1772974
2011.0	CHEMBL1773020
2011.0	CHEMBL1773049
2011.0	CHEMBL1777807
2011.0	CHEMBL1777797
2011.0	CHEMBL1777674
2011.0	CHEMBL1777763
2011.0	CHEMBL1777686
2011.0	CHEMBL1777773
2011.0	CHEMBL1777727
2011.0	CHEMBL1777689
2011.0	CHEMBL1781898
2011.0	CHEMBL1781974
2009.0	CHEMBL1781887
2009.0	CHEMBL1781918
2009.0	CHEMBL1781979
2009.0	CHEMBL1781958
2011.0	CHEMBL1782039
2011.0	CHEMBL1795332
2011.0	CHEMBL1795246
2011.0	CHEMBL1795206
2011.0	CHEMBL1799931
2011.0	CHEMBL1800066
2011.0	CHEMBL1800027
2011.0	CHEMBL1800012
2011.0	CHEMBL1799933
2011.0	CHEMBL1799962
2010.0	CHEMBL1800009
2010.0	CHEMBL1799927
2010.0	CHEMBL1800057
2011.0	CHEMBL1806459
2011.0	CHEMBL1806368
2011.0	CHEMBL1806385
2011.0	CHEMBL1806458
2011.0	CHEMBL1806382
2011.0	CHEMBL1806498
2011.0	CHEMBL1806477
2011.0	CHEMBL1811851
2011.0	CHEMBL1811886
2011.0	CHEMBL1811786
2011.0	CHEMBL1811752
2011.0	CHEMBL1811766
2011.0	CHEMBL1811901
2011.0	CHEMBL1817551
2011.0	CHEMBL1817592
2011.0	CHEMBL1817657
2011.0	CHEMBL1817582
2011.0	CHEMBL1817669
2011.0	CHEMBL1817578
2011.0	CHEMBL1821639
2011.0	CHEMBL1821619
2011.0	CHEMBL1821661
2011.0	CHEMBL1821583
2011.0	CHEMBL1821550
2011.0	CHEMBL1821711
2011.0	CHEMBL1821719
2011.0	CHEMBL1828619
2011.0	CHEMBL1828623
2011.0	CHEMBL1828590
2011.0	CHEMBL1828519
2011.0	CHEMBL1828622
2011.0	CHEMBL1828609
2011.0	CHEMBL1828557
2011.0	CHEMBL1833793
2011.0	CHEMBL1833884
2011.0	CHEMBL1833916
2011.0	CHEMBL1833939
2011.0	CHEMBL1833864
2011.0	CHEMBL1833814
2011.0	CHEMBL1833813
2011.0	CHEMBL1833912
2011.0	CHEMBL1833860
2011.0	CHEMBL1833909
2011.0	CHEMBL1833918
2011.0	CHEMBL1833932
2011.0	CHEMBL1833934
2011.0	CHEMBL1833803
	CHEMBL1909046
2011.0	CHEMBL1909544
2011.0	CHEMBL1909512
2011.0	CHEMBL1909536
2011.0	CHEMBL1914323
2011.0	CHEMBL1914314
2011.0	CHEMBL1914289
2011.0	CHEMBL1914417
2011.0	CHEMBL1914304
2011.0	CHEMBL1914441
2011.0	CHEMBL1914383
2011.0	CHEMBL1914447
2011.0	CHEMBL1914301
2011.0	CHEMBL1914334
2011.0	CHEMBL1914454
2011.0	CHEMBL1921674
2011.0	CHEMBL1921733
2011.0	CHEMBL1921770
2011.0	CHEMBL1921704
2011.0	CHEMBL1921745
2011.0	CHEMBL1921678
2011.0	CHEMBL1921748
2011.0	CHEMBL1921692
2011.0	CHEMBL1926590
2011.0	CHEMBL1926646
2011.0	CHEMBL1926622
2011.0	CHEMBL1926604
2011.0	CHEMBL1926564
2011.0	CHEMBL1926511
2012.0	CHEMBL1932960
2012.0	CHEMBL1933029
2012.0	CHEMBL1932917
2012.0	CHEMBL1933032
2012.0	CHEMBL1932929
2012.0	CHEMBL1933007
2012.0	CHEMBL1932985
2011.0	CHEMBL1938287
2012.0	CHEMBL1938364
2012.0	CHEMBL1938371
2012.0	CHEMBL1938343
2012.0	CHEMBL1938301
2012.0	CHEMBL1938393
2012.0	CHEMBL1938353
2012.0	CHEMBL1944599
2012.0	CHEMBL1944507
2012.0	CHEMBL1944508
2012.0	CHEMBL1944524
2012.0	CHEMBL1944587
2012.0	CHEMBL1944512
2012.0	CHEMBL1944604
2011.0	CHEMBL1949557
2011.0	CHEMBL1949493
2012.0	CHEMBL1949526
2012.0	CHEMBL1949590
2012.0	CHEMBL1949653
2012.0	CHEMBL1949530
2012.0	CHEMBL1949541
2012.0	CHEMBL1949521
2012.0	CHEMBL1949573
2012.0	CHEMBL1949629
2012.0	CHEMBL1949548
2012.0	CHEMBL1949642
2012.0	CHEMBL1949661
2012.0	CHEMBL1949494
2012.0	CHEMBL1949660
2012.0	CHEMBL1955837
2012.0	CHEMBL1955823
2012.0	CHEMBL1955789
2012.0	CHEMBL1955741
2012.0	CHEMBL1955757
2012.0	CHEMBL1955830
2012.0	CHEMBL1955838
2011.0	CHEMBL2010768
2011.0	CHEMBL2010696
2012.0	CHEMBL2010689
2012.0	CHEMBL2010765
2012.0	CHEMBL2010700
2012.0	CHEMBL2010651
2012.0	CHEMBL2010758
2012.0	CHEMBL2010665
2012.0	CHEMBL2010730
2011.0	CHEMBL2016555
2011.0	CHEMBL2016447
2011.0	CHEMBL2016472
2012.0	CHEMBL2016510
2012.0	CHEMBL2016557
2012.0	CHEMBL2016496
2012.0	CHEMBL2016544
2012.0	CHEMBL2016495
2012.0	CHEMBL2016501
2012.0	CHEMBL2016458
2012.0	CHEMBL2016515
2012.0	CHEMBL2016485
2012.0	CHEMBL2021801
2012.0	CHEMBL2021760
2012.0	CHEMBL2021879
2012.0	CHEMBL2021798
2012.0	CHEMBL2021886
2012.0	CHEMBL2021786
2011.0	CHEMBL2021880
2011.0	CHEMBL2021812
2012.0	CHEMBL2021777
2012.0	CHEMBL2021885
2012.0	CHEMBL2021834
2011.0	CHEMBL2029240
2012.0	CHEMBL2029242
2012.0	CHEMBL2029265
2012.0	CHEMBL2029212
2012.0	CHEMBL2029248
2012.0	CHEMBL2029200
2012.0	CHEMBL2029277
2012.0	CHEMBL2029256
2012.0	CHEMBL2029249
2012.0	CHEMBL2029234
2012.0	CHEMBL2029330
2012.0	CHEMBL2029210
2010.0	CHEMBL2034937
2012.0	CHEMBL2034946
2012.0	CHEMBL2034879
2012.0	CHEMBL2034857
2012.0	CHEMBL2034871
2012.0	CHEMBL2034887
2012.0	CHEMBL2034964
2012.0	CHEMBL2034817
2012.0	CHEMBL2034953
2012.0	CHEMBL2034981
2012.0	CHEMBL2034921
2012.0	CHEMBL2034922
2012.0	CHEMBL2034889
2010.0	CHEMBL2040827
2012.0	CHEMBL2040836
2012.0	CHEMBL2040800
2012.0	CHEMBL2040831
2012.0	CHEMBL2040756
2011.0	CHEMBL2046284
2012.0	CHEMBL2046303
2012.0	CHEMBL2046373
2012.0	CHEMBL2046410
2012.0	CHEMBL2046302
2012.0	CHEMBL2046354
2012.0	CHEMBL2046355
2012.0	CHEMBL2046384
2012.0	CHEMBL2057154
2012.0	CHEMBL2057167
2012.0	CHEMBL2057191
2012.0	CHEMBL2057141
2012.0	CHEMBL2057071
2012.0	CHEMBL2057108
2012.0	CHEMBL2062503
2012.0	CHEMBL2062375
2012.0	CHEMBL2062434
2012.0	CHEMBL2062454
2012.0	CHEMBL2069262
2012.0	CHEMBL2069246
2012.0	CHEMBL2069189
2012.0	CHEMBL2069226
2012.0	CHEMBL2069242
2012.0	CHEMBL2069291
2012.0	CHEMBL2069214
2012.0	CHEMBL2069241
2012.0	CHEMBL2069205
2012.0	CHEMBL2086343
2012.0	CHEMBL2086372
2012.0	CHEMBL2086339
2012.0	CHEMBL2086249
2012.0	CHEMBL2086224
2012.0	CHEMBL2086221
2012.0	CHEMBL2086223
	CHEMBL2113921
2012.0	CHEMBL2146411
2012.0	CHEMBL2146409
2012.0	CHEMBL2146436
2010.0	CHEMBL2146410
2011.0	CHEMBL2146445
2012.0	CHEMBL2146432
2012.0	CHEMBL2146480
2012.0	CHEMBL2146374
2011.0	CHEMBL2146454
2012.0	CHEMBL2146430
2012.0	CHEMBL2151015
2010.0	CHEMBL2150960
2012.0	CHEMBL2150905
2012.0	CHEMBL2150928
2011.0	CHEMBL2151039
2012.0	CHEMBL2150882
2012.0	CHEMBL2150966
2011.0	CHEMBL2157972
2011.0	CHEMBL2157860
2012.0	CHEMBL2157906
2012.0	CHEMBL2157937
2012.0	CHEMBL2157870
2012.0	CHEMBL2157898
2012.0	CHEMBL2157961
2012.0	CHEMBL2157917
2012.0	CHEMBL2157884
2012.0	CHEMBL2163215
2012.0	CHEMBL2163280
2012.0	CHEMBL2163259
2012.0	CHEMBL2163253
2012.0	CHEMBL2163286
2012.0	CHEMBL2163233
2012.0	CHEMBL2163267
2012.0	CHEMBL2163339
2012.0	CHEMBL2163245
2012.0	CHEMBL2163232
2012.0	CHEMBL2163188
2012.0	CHEMBL2163325
2012.0	CHEMBL2163282
2012.0	CHEMBL2163201
2012.0	CHEMBL2169755
2012.0	CHEMBL2169877
2012.0	CHEMBL2169838
2012.0	CHEMBL2169836
2012.0	CHEMBL2169867
2012.0	CHEMBL2169749
2012.0	CHEMBL2169816
2012.0	CHEMBL2169886
2012.0	CHEMBL2169882
2012.0	CHEMBL2169805
2012.0	CHEMBL2176959
2012.0	CHEMBL2176900
2012.0	CHEMBL2176971
2012.0	CHEMBL2176988
2012.0	CHEMBL2177072
2012.0	CHEMBL2176887
2012.0	CHEMBL2176874
2012.0	CHEMBL2177036
2012.0	CHEMBL2176989
2012.0	CHEMBL2177046
2012.0	CHEMBL2176956
2012.0	CHEMBL2176961
2012.0	CHEMBL2177000
2012.0	CHEMBL2176880
2012.0	CHEMBL2176935
2012.0	CHEMBL2177080
2012.0	CHEMBL2177022
2012.0	CHEMBL2177048
2012.0	CHEMBL2176883
2012.0	CHEMBL2176918
2012.0	CHEMBL2177097
2012.0	CHEMBL2176916
2012.0	CHEMBL2176923
2012.0	CHEMBL2177020
2011.0	CHEMBL2177008
2012.0	CHEMBL2176973
2012.0	CHEMBL2203114
2012.0	CHEMBL2203263
2012.0	CHEMBL2203078
2006.0	CHEMBL2203010
2011.0	CHEMBL2203023
2011.0	CHEMBL2203251
2012.0	CHEMBL2203122
2012.0	CHEMBL2203257
2012.0	CHEMBL2203205
2012.0	CHEMBL2203264
2012.0	CHEMBL2203133
2012.0	CHEMBL2203262
2012.0	CHEMBL2203219
2012.0	CHEMBL2203039
2012.0	CHEMBL2203210
2012.0	CHEMBL2203006
2012.0	CHEMBL2203047
2012.0	CHEMBL2202962
2012.0	CHEMBL2203248
2012.0	CHEMBL2216747
2012.0	CHEMBL3046021
2013.0	CHEMBL3045789
2013.0	CHEMBL2311289
2013.0	CHEMBL2311293
2013.0	CHEMBL2311352
2013.0	CHEMBL2311347
2013.0	CHEMBL2311449
2013.0	CHEMBL2311262
2013.0	CHEMBL2311491
2013.0	CHEMBL2311284
2013.0	CHEMBL2311339
2013.0	CHEMBL2311468
2013.0	CHEMBL2311250
2013.0	CHEMBL2321662
2013.0	CHEMBL2321766
2013.0	CHEMBL2321869
2013.0	CHEMBL2321835
2013.0	CHEMBL2321683
2013.0	CHEMBL2321873
2013.0	CHEMBL2321762
2013.0	CHEMBL2321764
2013.0	CHEMBL2321852
2013.0	CHEMBL2321758
2013.0	CHEMBL2321772
2013.0	CHEMBL2321831
2013.0	CHEMBL2321868
2013.0	CHEMBL2321795
2013.0	CHEMBL2321744
2013.0	CHEMBL2321803
2013.0	CHEMBL2321760
2013.0	CHEMBL2321724
2013.0	CHEMBL2331085
2013.0	CHEMBL2331535
2013.0	CHEMBL2331215
2013.0	CHEMBL2331139
2013.0	CHEMBL2331552
2013.0	CHEMBL2331553
2013.0	CHEMBL2331361
2013.0	CHEMBL2331544
2013.0	CHEMBL2331457
2013.0	CHEMBL2331448
2013.0	CHEMBL2331236
2013.0	CHEMBL2331540
2013.0	CHEMBL2331425
2013.0	CHEMBL2331175
2013.0	CHEMBL2331108
2013.0	CHEMBL2331260
2013.0	CHEMBL2346624
2013.0	CHEMBL2346597
2013.0	CHEMBL2346654
2013.0	CHEMBL2346502
2013.0	CHEMBL2346572
2013.0	CHEMBL2346557
2013.0	CHEMBL2346595
2013.0	CHEMBL2375312
2013.0	CHEMBL2375287
2013.0	CHEMBL2380236
2013.0	CHEMBL2380292
2013.0	CHEMBL2380296
2013.0	CHEMBL2380208
2013.0	CHEMBL2380242
2013.0	CHEMBL2380307
2013.0	CHEMBL2380211
2013.0	CHEMBL2380260
2013.0	CHEMBL2384909
2013.0	CHEMBL2385021
2013.0	CHEMBL2385010
2013.0	CHEMBL2384910
2013.0	CHEMBL2385022
2013.0	CHEMBL2385019
2013.0	CHEMBL2384998
2013.0	CHEMBL2385026
2013.0	CHEMBL2385071
2013.0	CHEMBL2390918
2013.0	CHEMBL2390911
2013.0	CHEMBL2390865
2013.0	CHEMBL2390846
2013.0	CHEMBL2390828
2013.0	CHEMBL2390921
2013.0	CHEMBL2390902
2013.0	CHEMBL2390935
2013.0	CHEMBL2396632
2013.0	CHEMBL2396637
2013.0	CHEMBL2396549
2013.0	CHEMBL2396647
2013.0	CHEMBL2401692
2013.0	CHEMBL2401722
2013.0	CHEMBL2401676
2013.0	CHEMBL2401700
2013.0	CHEMBL2401666
2013.0	CHEMBL2401654
2013.0	CHEMBL2401705
2013.0	CHEMBL2401656
2013.0	CHEMBL2406966
2013.0	CHEMBL2407064
2013.0	CHEMBL2406994
2013.0	CHEMBL2406997
2013.0	CHEMBL2407043
2013.0	CHEMBL2407005
2013.0	CHEMBL2406904
2013.0	CHEMBL2407000
2013.0	CHEMBL2413071
2013.0	CHEMBL2412975
2013.0	CHEMBL2412957
2013.0	CHEMBL2413065
2013.0	CHEMBL2417435
2013.0	CHEMBL2417389
2013.0	CHEMBL2417378
2013.0	CHEMBL2417495
2013.0	CHEMBL2417548
2013.0	CHEMBL2417539
2013.0	CHEMBL2424579
2013.0	CHEMBL2424560
2013.0	CHEMBL2424615
2013.0	CHEMBL2424589
2013.0	CHEMBL2424528
2013.0	CHEMBL2424575
2013.0	CHEMBL2429732
2013.0	CHEMBL2429746
2013.0	CHEMBL2429781
2013.0	CHEMBL2434936
2013.0	CHEMBL2434948
2013.0	CHEMBL2434870
2013.0	CHEMBL2434833
2013.0	CHEMBL2440024
2013.0	CHEMBL2439999
2013.0	CHEMBL2440083
2013.0	CHEMBL2440084
2013.0	CHEMBL2439973
2013.0	CHEMBL2439970
2013.0	CHEMBL2440017
2013.0	CHEMBL2440090
2013.0	CHEMBL2440066
2013.0	CHEMBL2440008
2013.0	CHEMBL3085767
2013.0	CHEMBL3085708
2013.0	CHEMBL3085695
2013.0	CHEMBL3085718
2013.0	CHEMBL3085763
2013.0	CHEMBL3091288
2013.0	CHEMBL3091454
2013.0	CHEMBL3091283
2013.0	CHEMBL3091427
2013.0	CHEMBL3091311
2013.0	CHEMBL3091412
2013.0	CHEMBL3091409
2013.0	CHEMBL3091402
2013.0	CHEMBL3098117
2013.0	CHEMBL3098003
2013.0	CHEMBL3098111
2014.0	CHEMBL3098001
2013.0	CHEMBL3102716
2014.0	CHEMBL3102803
2014.0	CHEMBL3102800
2014.0	CHEMBL3102707
2014.0	CHEMBL3102772
2014.0	CHEMBL3108676
2013.0	CHEMBL3108774
2014.0	CHEMBL3112508
2014.0	CHEMBL3112398
2014.0	CHEMBL3112421
2014.0	CHEMBL3112390
2014.0	CHEMBL3112460
2014.0	CHEMBL3112488
2014.0	CHEMBL3112572
2014.0	CHEMBL3112409
2014.0	CHEMBL3112503
2014.0	CHEMBL3120081
2014.0	CHEMBL3120127
2014.0	CHEMBL3120158
2014.0	CHEMBL3120141
2014.0	CHEMBL3120093
2013.0	CHEMBL3124877
2014.0	CHEMBL3124886
2014.0	CHEMBL3124792
2014.0	CHEMBL3124885
2014.0	CHEMBL3124745
2014.0	CHEMBL3124793
2014.0	CHEMBL3124772
2014.0	CHEMBL3124857
2014.0	CHEMBL3124894
2014.0	CHEMBL3124820
2013.0	CHEMBL3132759
2013.0	CHEMBL3132851
2011.0	CHEMBL3217700
2011.0	CHEMBL3217609
2011.0	CHEMBL3217479
2011.0	CHEMBL3217434
2011.0	CHEMBL3217425
2011.0	CHEMBL3217627
2011.0	CHEMBL3217574
2012.0	CHEMBL3217600
2012.0	CHEMBL3217487
2012.0	CHEMBL3217702
2012.0	CHEMBL3217622
2012.0	CHEMBL3217639
2013.0	CHEMBL3217541
2012.0	CHEMBL3217743
2013.0	CHEMBL3217745
2013.0	CHEMBL3217433
2014.0	CHEMBL3217514
2013.0	CHEMBL3217683
2013.0	CHEMBL3217445
2014.0	CHEMBL3232758
2014.0	CHEMBL3232969
2014.0	CHEMBL3232894
2014.0	CHEMBL3232717
2014.0	CHEMBL3232939
2014.0	CHEMBL3232847
2014.0	CHEMBL3232922
2014.0	CHEMBL3232975
2014.0	CHEMBL3232788
2014.0	CHEMBL3232919
2014.0	CHEMBL3232853
2014.0	CHEMBL3232811
2014.0	CHEMBL3259729
2014.0	CHEMBL3259781
2014.0	CHEMBL3259791
2014.0	CHEMBL3259614
2014.0	CHEMBL3259727
2014.0	CHEMBL3259669
2014.0	CHEMBL3259754
2014.0	CHEMBL3259577
2014.0	CHEMBL3259666
2014.0	CHEMBL3259804
2014.0	CHEMBL3259563
2014.0	CHEMBL3259706
2014.0	CHEMBL3259640
2014.0	CHEMBL3259733
2014.0	CHEMBL3259628
2014.0	CHEMBL3286368
2014.0	CHEMBL3286258
2014.0	CHEMBL3286275
2014.0	CHEMBL3286180
2014.0	CHEMBL3286274
2014.0	CHEMBL3286108
2014.0	CHEMBL3286091
2014.0	CHEMBL3286277
2014.0	CHEMBL3286182
2014.0	CHEMBL3286390
2014.0	CHEMBL3286150
2014.0	CHEMBL3286154
2014.0	CHEMBL3286339
2014.0	CHEMBL3286148
2014.0	CHEMBL3286316
2014.0	CHEMBL3286267
2013.0	CHEMBL3297733
2014.0	CHEMBL3297645
2014.0	CHEMBL3297706
2014.0	CHEMBL3297740
	CHEMBL3301458
2013.0	CHEMBL3390839
2011.0	CHEMBL3390844
2014.0	CHEMBL3351578
2014.0	CHEMBL3352487
2014.0	CHEMBL3352316
2014.0	CHEMBL3351537
2014.0	CHEMBL3352194
2014.0	CHEMBL3351225
2014.0	CHEMBL3351615
2014.0	CHEMBL3351244
2014.0	CHEMBL3352258
2014.0	CHEMBL3351611
2014.0	CHEMBL3351360
2014.0	CHEMBL3352820
2014.0	CHEMBL3351553
2014.0	CHEMBL3352189
2014.0	CHEMBL3351839
2014.0	CHEMBL3351341
2014.0	CHEMBL3351317
2014.0	CHEMBL3351799
2014.0	CHEMBL3351795
2014.0	CHEMBL3352608
2014.0	CHEMBL3352482
2014.0	CHEMBL3351528
2014.0	CHEMBL3351398
2014.0	CHEMBL3352228
2014.0	CHEMBL3351789
2014.0	CHEMBL3352744
2014.0	CHEMBL3351923
2014.0	CHEMBL3351667
2014.0	CHEMBL3352323
2014.0	CHEMBL3351343
2014.0	CHEMBL3352375
2014.0	CHEMBL3351860
2014.0	CHEMBL3351481
2014.0	CHEMBL3351320
2014.0	CHEMBL3352465
2015.0	CHEMBL3351614
2015.0	CHEMBL3352160
2014.0	CHEMBL3352115
2014.0	CHEMBL3352560
2015.0	CHEMBL3351372
2015.0	CHEMBL3352352
2015.0	CHEMBL3351833
2014.0	CHEMBL3351946
2014.0	CHEMBL3351422
2014.0	CHEMBL3351646
2014.0	CHEMBL3352472
2014.0	CHEMBL3352699
2014.0	CHEMBL3352175
2014.0	CHEMBL3352322
2015.0	CHEMBL3352377
2014.0	CHEMBL3351865
2014.0	CHEMBL3351482
2014.0	CHEMBL3352417
2014.0	CHEMBL3351448
2014.0	CHEMBL3352578
2014.0	CHEMBL3351387
2014.0	CHEMBL3352673
2014.0	CHEMBL3352617
2014.0	CHEMBL3352784
2014.0	CHEMBL3351632
2014.0	CHEMBL3352242
2014.0	CHEMBL3351978
2014.0	CHEMBL3352071
2014.0	CHEMBL3351765
2014.0	CHEMBL3351722
2014.0	CHEMBL3352639
2014.0	CHEMBL3351479
2014.0	CHEMBL3352793
2014.0	CHEMBL3352234
2014.0	CHEMBL3352565
2014.0	CHEMBL3352410
2014.0	CHEMBL3351750
2014.0	CHEMBL3352090
2014.0	CHEMBL3351303
2015.0	CHEMBL3393060
2015.0	CHEMBL3393023
2015.0	CHEMBL3392976
2015.0	CHEMBL3393045
2015.0	CHEMBL3392977
2015.0	CHEMBL3393054
2015.0	CHEMBL3393021
2015.0	CHEMBL3393040
2015.0	CHEMBL3396997
2015.0	CHEMBL3397009
2015.0	CHEMBL3400008
2015.0	CHEMBL3400110
2015.0	CHEMBL3400138
2015.0	CHEMBL3400053
2015.0	CHEMBL3400001
2014.0	CHEMBL3407461
2015.0	CHEMBL3407416
2015.0	CHEMBL3407464
2015.0	CHEMBL3407448
2015.0	CHEMBL3407422
2015.0	CHEMBL3407353
2015.0	CHEMBL3407472
2015.0	CHEMBL3407455
2015.0	CHEMBL3407438
2015.0	CHEMBL3414497
2015.0	CHEMBL3414433
2015.0	CHEMBL3414471
2015.0	CHEMBL3414527
2015.0	CHEMBL3414517
2015.0	CHEMBL3414472
2015.0	CHEMBL3414522
2015.0	CHEMBL3414489
2015.0	CHEMBL3421561
2015.0	CHEMBL3421610
2015.0	CHEMBL3421616
2015.0	CHEMBL3421625
2015.0	CHEMBL3421534
2015.0	CHEMBL3421558
2015.0	CHEMBL3425423
2015.0	CHEMBL3425438
2015.0	CHEMBL3425442
2015.0	CHEMBL3425511
2011.0	CHEMBL3430321
2014.0	CHEMBL3430320
2012.0	CHEMBL3436046
	CHEMBL3508693
2015.0	CHEMBL3576839
2015.0	CHEMBL3576831
2015.0	CHEMBL3576800
2015.0	CHEMBL3576859
2015.0	CHEMBL3576844
2015.0	CHEMBL3576790
2015.0	CHEMBL3580562
2015.0	CHEMBL3580590
2015.0	CHEMBL3580660
2015.0	CHEMBL3580555
2015.0	CHEMBL3580651
2015.0	CHEMBL3580617
2015.0	CHEMBL3580587
2015.0	CHEMBL3580611
2015.0	CHEMBL3585315
2015.0	CHEMBL3585263
2015.0	CHEMBL3585264
2015.0	CHEMBL3585325
2015.0	CHEMBL3585260
2015.0	CHEMBL3588810
2015.0	CHEMBL3588826
2015.0	CHEMBL3588848
2015.0	CHEMBL3588755
2015.0	CHEMBL3588833
2015.0	CHEMBL3588758
2015.0	CHEMBL3593224
2015.0	CHEMBL3593157
2015.0	CHEMBL3593212
2015.0	CHEMBL3593175
2015.0	CHEMBL3596134
2015.0	CHEMBL3596131
2015.0	CHEMBL3596192
2015.0	CHEMBL3600324
2015.0	CHEMBL3600316
2015.0	CHEMBL3600314
2015.0	CHEMBL3600349
2015.0	CHEMBL3600357
2015.0	CHEMBL3600352
2015.0	CHEMBL3603800
2015.0	CHEMBL3603741
2015.0	CHEMBL3603744
2015.0	CHEMBL3603827
2015.0	CHEMBL3603801
2015.0	CHEMBL3603832
2015.0	CHEMBL3603779
2015.0	CHEMBL3608246
2015.0	CHEMBL3608233
2015.0	CHEMBL3608214
2015.0	CHEMBL3608244
2015.0	CHEMBL3608248
2015.0	CHEMBL3608263
2015.0	CHEMBL3608254
2015.0	CHEMBL3608217
2015.0	CHEMBL3612018
2015.0	CHEMBL3611997
2015.0	CHEMBL3611966
2015.0	CHEMBL3612054
2015.0	CHEMBL3616397
2015.0	CHEMBL3616374
2015.0	CHEMBL3616440
2015.0	CHEMBL3621160
2015.0	CHEMBL3621098
2015.0	CHEMBL3621135
2015.0	CHEMBL3621164
2015.0	CHEMBL3621143
2015.0	CHEMBL3621146
2015.0	CHEMBL3621142
2015.0	CHEMBL3621151
2015.0	CHEMBL3621069
2015.0	CHEMBL3627700
2015.0	CHEMBL3627714
2015.0	CHEMBL3627595
2015.0	CHEMBL3627607
2015.0	CHEMBL3632488
2015.0	CHEMBL3632552
2015.0	CHEMBL3632560
2015.0	CHEMBL3632475
2015.0	CHEMBL3632483
2015.0	CHEMBL3632504
	CHEMBL3638030
2015.0	CHEMBL3638545
2015.0	CHEMBL3638742
2015.0	CHEMBL3638878
2015.0	CHEMBL3638921
2015.0	CHEMBL3638380
2015.0	CHEMBL3639142
2015.0	CHEMBL3638977
2015.0	CHEMBL3734684
2015.0	CHEMBL3734698
2015.0	CHEMBL3734760
2015.0	CHEMBL3734671
2015.0	CHEMBL3734691
2015.0	CHEMBL3739370
2015.0	CHEMBL3739366
2015.0	CHEMBL3739339
2015.0	CHEMBL3739263
2015.0	CHEMBL3739407
2015.0	CHEMBL3739276
2015.0	CHEMBL3739265
2015.0	CHEMBL3739377
2016.0	CHEMBL3739386
2015.0	CHEMBL3745712
2015.0	CHEMBL3745705
2016.0	CHEMBL3745665
2016.0	CHEMBL3745609
2016.0	CHEMBL3745631
2016.0	CHEMBL3745662
2016.0	CHEMBL3745703
2015.0	CHEMBL3751822
2015.0	CHEMBL3751803
2016.0	CHEMBL3751729
2016.0	CHEMBL3751833
2016.0	CHEMBL3758104
2016.0	CHEMBL3758174
2016.0	CHEMBL3758127
2016.0	CHEMBL3758092
2016.0	CHEMBL3758150
2016.0	CHEMBL3763037
2016.0	CHEMBL3763120
2016.0	CHEMBL3763146
2016.0	CHEMBL3763143
2016.0	CHEMBL3763085
2016.0	CHEMBL3763140
2016.0	CHEMBL3763052
2016.0	CHEMBL3763072
2016.0	CHEMBL3769376
2016.0	CHEMBL3769382
2016.0	CHEMBL3769385
2015.0	CHEMBL3769359
2016.0	CHEMBL3769308
2016.0	CHEMBL3769384
2016.0	CHEMBL3769327
2016.0	CHEMBL3774369
2016.0	CHEMBL3774357
2016.0	CHEMBL3774336
2016.0	CHEMBL3774320
2016.0	CHEMBL3774368
2016.0	CHEMBL3774372
2016.0	CHEMBL3779781
2016.0	CHEMBL3785091
2016.0	CHEMBL3784951
2016.0	CHEMBL3785081
2016.0	CHEMBL3784972
2016.0	CHEMBL3784918
2016.0	CHEMBL3784924
2016.0	CHEMBL3785066
2016.0	CHEMBL3784945
2016.0	CHEMBL3785031
2016.0	CHEMBL3792353
2016.0	CHEMBL3792364
2016.0	CHEMBL3792299
2016.0	CHEMBL3792331
2016.0	CHEMBL3792381
2016.0	CHEMBL3792310
2016.0	CHEMBL3797186
2016.0	CHEMBL3797106
2016.0	CHEMBL3797133
2016.0	CHEMBL3797060
2016.0	CHEMBL3797054
2016.0	CHEMBL3797111
2016.0	CHEMBL3797052
2016.0	CHEMBL3797149
2016.0	CHEMBL3797102
2016.0	CHEMBL3804778
2016.0	CHEMBL3804782
2016.0	CHEMBL3804797
2016.0	CHEMBL3804767
2016.0	CHEMBL3804796
2016.0	CHEMBL3804799
2016.0	CHEMBL3804820
2016.0	CHEMBL3804801
2016.0	CHEMBL3804825
2016.0	CHEMBL3804779
2016.0	CHEMBL3808365
2016.0	CHEMBL3808348
2016.0	CHEMBL3808373
2016.0	CHEMBL3808345
2016.0	CHEMBL3808377
2016.0	CHEMBL3808289
2016.0	CHEMBL3813689
2016.0	CHEMBL3813592
2016.0	CHEMBL3813624
2016.0	CHEMBL3817840
2016.0	CHEMBL3817726
2016.0	CHEMBL3822388
2016.0	CHEMBL3822394
2016.0	CHEMBL3822371
2016.0	CHEMBL3826935
2016.0	CHEMBL3826911
2016.0	CHEMBL3826929
2016.0	CHEMBL3853264
2016.0	CHEMBL3853265
2016.0	CHEMBL3853318
2016.0	CHEMBL3853321
2016.0	CHEMBL3853329
2016.0	CHEMBL3853331
2016.0	CHEMBL3853343
2016.0	CHEMBL3853350
2016.0	CHEMBL3853353
2016.0	CHEMBL3856231
2016.0	CHEMBL3856233
2016.0	CHEMBL3856239
2016.0	CHEMBL3856249
2016.0	CHEMBL3856250
2016.0	CHEMBL3856264
2016.0	CHEMBL3856275
2016.0	CHEMBL3856276
2016.0	CHEMBL3856281
2016.0	CHEMBL3860098
2016.0	CHEMBL3860107
2016.0	CHEMBL3861981
2016.0	CHEMBL3864137
2016.0	CHEMBL3864151
2016.0	CHEMBL3864153
2016.0	CHEMBL3864161
2016.0	CHEMBL3864164
2016.0	CHEMBL3864170
2016.0	CHEMBL3864175
2016.0	CHEMBL3864182
2016.0	CHEMBL3864189
2016.0	CHEMBL3865819
2016.0	CHEMBL3867472
2016.0	CHEMBL3867477
2016.0	CHEMBL3867482
2016.0	CHEMBL3868610
2016.0	CHEMBL3868612
2016.0	CHEMBL3868614
2016.0	CHEMBL3870336
2017.0	CHEMBL3870365
2017.0	CHEMBL3871280
2017.0	CHEMBL3871307
2016.0	CHEMBL3872208
2016.0	CHEMBL3872218
2017.0	CHEMBL3872247
2017.0	CHEMBL3872258
2017.0	CHEMBL3872283
2017.0	CHEMBL3875193
2017.0	CHEMBL3877298
2016.0	CHEMBL3877302
2006.0	CHEMBL3879885
2007.0	CHEMBL3879887
2012.0	CHEMBL3879903
2013.0	CHEMBL3879906
2014.0	CHEMBL3880390
2004.0	CHEMBL3880396
2009.0	CHEMBL3880410
2013.0	CHEMBL3882737
2016.0	CHEMBL3886141
2015.0	CHEMBL3886193
2016.0	CHEMBL3886194
2016.0	CHEMBL3886197
2015.0	CHEMBL3886344
2016.0	CHEMBL3886493
2016.0	CHEMBL3886644
2016.0	CHEMBL3886728
2016.0	CHEMBL3886813
2016.0	CHEMBL3886885
2016.0	CHEMBL3886889
2016.0	CHEMBL3886940
2016.0	CHEMBL3886976
2016.0	CHEMBL3886979
2016.0	CHEMBL3992487
2017.0	CHEMBL3992509
2017.0	CHEMBL3992534
2017.0	CHEMBL3992557
2017.0	CHEMBL3992564
2017.0	CHEMBL3994626
2017.0	CHEMBL3994646
2017.0	CHEMBL3994648
2017.0	CHEMBL3994654
2017.0	CHEMBL3994673
2017.0	CHEMBL3994677
2017.0	CHEMBL3997782
2017.0	CHEMBL3997808
2017.0	CHEMBL3997816
2017.0	CHEMBL3997829
2017.0	CHEMBL3997842
2017.0	CHEMBL3997852
2017.0	CHEMBL4000207
2017.0	CHEMBL4000232
2017.0	CHEMBL4000255
2017.0	CHEMBL4002590
2017.0	CHEMBL4002594
2017.0	CHEMBL4002602
2017.0	CHEMBL4002615
2017.0	CHEMBL4002630
2017.0	CHEMBL4002640
2017.0	CHEMBL4002647
2017.0	CHEMBL4004807
2017.0	CHEMBL4004819
2017.0	CHEMBL4004826
2017.0	CHEMBL4004830
2016.0	CHEMBL4007384
2017.0	CHEMBL4007390
2017.0	CHEMBL4007397
2017.0	CHEMBL4007439
2017.0	CHEMBL4007444
2017.0	CHEMBL4007461
2017.0	CHEMBL4007512
2017.0	CHEMBL4011598
2017.0	CHEMBL4011607
2017.0	CHEMBL4011610
2017.0	CHEMBL4011618
2017.0	CHEMBL4011625
2017.0	CHEMBL4011635
2017.0	CHEMBL4011644
2017.0	CHEMBL4011649
2017.0	CHEMBL4011651
2017.0	CHEMBL4011656
2017.0	CHEMBL4014298
2017.0	CHEMBL4014310
2017.0	CHEMBL4014311
2017.0	CHEMBL4014312
2017.0	CHEMBL4014323
2017.0	CHEMBL4014327
2017.0	CHEMBL4014331
2017.0	CHEMBL4014336
2017.0	CHEMBL4014337
2017.0	CHEMBL4014340
2017.0	CHEMBL4014346
2017.0	CHEMBL4014348
2017.0	CHEMBL4014349
2017.0	CHEMBL4017455
2017.0	CHEMBL4017456
2017.0	CHEMBL4017458
2017.0	CHEMBL4017471
2017.0	CHEMBL4017514
2017.0	CHEMBL4017515
2017.0	CHEMBL4017519
2017.0	CHEMBL4017532
2017.0	CHEMBL4017544
2017.0	CHEMBL4020712
2017.0	CHEMBL4020725
2017.0	CHEMBL4020734
2017.0	CHEMBL4020748
2017.0	CHEMBL4020761
2017.0	CHEMBL4020781
2017.0	CHEMBL4020782
2017.0	CHEMBL4020789
2018.0	CHEMBL4020821
2018.0	CHEMBL4020831
2018.0	CHEMBL4020832
2017.0	CHEMBL4024705
2017.0	CHEMBL4024749
2017.0	CHEMBL4024756
2018.0	CHEMBL4024762
2017.0	CHEMBL4024763
2017.0	CHEMBL4024765
2018.0	CHEMBL4024771
2017.0	CHEMBL4024774
2018.0	CHEMBL4024779
2018.0	CHEMBL4024791
2018.0	CHEMBL4024793
2018.0	CHEMBL4024802
2017.0	CHEMBL4028831
2017.0	CHEMBL4028836
2017.0	CHEMBL4028848
2017.0	CHEMBL4028850
2017.0	CHEMBL4028852
2017.0	CHEMBL4028873
2017.0	CHEMBL4028901
2017.0	CHEMBL4028908
2018.0	CHEMBL4028914
2018.0	CHEMBL4028916
2017.0	CHEMBL4033714
2017.0	CHEMBL4033742
2017.0	CHEMBL4033760
2017.0	CHEMBL4033761
2018.0	CHEMBL4033781
2018.0	CHEMBL4033783
2018.0	CHEMBL4033790
2018.0	CHEMBL4033794
2017.0	CHEMBL4038301
2017.0	CHEMBL4038310
2017.0	CHEMBL4038312
2017.0	CHEMBL4038318
2017.0	CHEMBL4038320
2017.0	CHEMBL4038335
2017.0	CHEMBL4038339
2017.0	CHEMBL4041464
2017.0	CHEMBL4041490
2017.0	CHEMBL4041516
2017.0	CHEMBL4041533
2017.0	CHEMBL4043105
2017.0	CHEMBL4043114
2017.0	CHEMBL4043141
2017.0	CHEMBL4043185
2017.0	CHEMBL4043199
2017.0	CHEMBL4043238
2017.0	CHEMBL4043239
2017.0	CHEMBL4043241
2017.0	CHEMBL4043255
2018.0	CHEMBL4043273
2018.0	CHEMBL4043283
2018.0	CHEMBL4043298
2018.0	CHEMBL4043307
2018.0	CHEMBL4043310
2017.0	CHEMBL4049398
2017.0	CHEMBL4049411
2017.0	CHEMBL4049438
2017.0	CHEMBL4049439
2017.0	CHEMBL4049443
2017.0	CHEMBL4049450
2017.0	CHEMBL4049454
2017.0	CHEMBL4049456
2017.0	CHEMBL4049458
2017.0	CHEMBL4052588
2017.0	CHEMBL4052609
2017.0	CHEMBL4052618
2017.0	CHEMBL4052642
2017.0	CHEMBL4052645
2017.0	CHEMBL4052673
2017.0	CHEMBL4052683
2017.0	CHEMBL4052694
2017.0	CHEMBL4052739
2017.0	CHEMBL4052773
2017.0	CHEMBL4052776
2017.0	CHEMBL4052782
2017.0	CHEMBL4052799
2017.0	CHEMBL4052817
2017.0	CHEMBL4118097
2018.0	CHEMBL4118128
2018.0	CHEMBL4118145
2018.0	CHEMBL4118149
2018.0	CHEMBL4118159
2018.0	CHEMBL4118169
2018.0	CHEMBL4118190
2018.0	CHEMBL4118209
2018.0	CHEMBL4118224
2018.0	CHEMBL4118226
2018.0	CHEMBL4118248
2018.0	CHEMBL4118268
2017.0	CHEMBL4130359
2017.0	CHEMBL4130376
2017.0	CHEMBL4130451
2017.0	CHEMBL4130453
2017.0	CHEMBL4130473
2017.0	CHEMBL4130494
2017.0	CHEMBL4130520
2017.0	CHEMBL4130560
2018.0	CHEMBL4130624
2018.0	CHEMBL4130628
2018.0	CHEMBL4130635
2017.0	CHEMBL4138139
2018.0	CHEMBL4138169
2018.0	CHEMBL4138227
2017.0	CHEMBL4138254
2017.0	CHEMBL4138257
2017.0	CHEMBL4138258
2017.0	CHEMBL4138259
2018.0	CHEMBL4138301
2018.0	CHEMBL4138303
2018.0	CHEMBL4138314
2018.0	CHEMBL4145461
2018.0	CHEMBL4145474
2018.0	CHEMBL4145565
2018.0	CHEMBL4145597
2018.0	CHEMBL4145625
2018.0	CHEMBL4145681
2018.0	CHEMBL4145688
2018.0	CHEMBL4152207
2018.0	CHEMBL4152224
2018.0	CHEMBL4152280
2018.0	CHEMBL4152343
2018.0	CHEMBL4152349
2018.0	CHEMBL4152377
2018.0	CHEMBL4152382
2018.0	CHEMBL4152385
2017.0	CHEMBL4177539
2017.0	CHEMBL4177561
2017.0	CHEMBL4177600
2017.0	CHEMBL4177603
2017.0	CHEMBL4177611
2017.0	CHEMBL4177615
2017.0	CHEMBL4177627
2017.0	CHEMBL4177630
2017.0	CHEMBL4177660
2017.0	CHEMBL4177668
2017.0	CHEMBL4177672
2017.0	CHEMBL4177680
2018.0	CHEMBL4177750
2018.0	CHEMBL4177751
2018.0	CHEMBL4184081
2018.0	CHEMBL4184082
2018.0	CHEMBL4184096
2018.0	CHEMBL4184149
2017.0	CHEMBL4184167
2018.0	CHEMBL4184171
2018.0	CHEMBL4184240
2018.0	CHEMBL4184274
2018.0	CHEMBL4184286
2018.0	CHEMBL4184335
2018.0	CHEMBL4184336
2018.0	CHEMBL4184337
2016.0	CHEMBL4190175
2017.0	CHEMBL4190330
2017.0	CHEMBL4190331
2017.0	CHEMBL4190351
2018.0	CHEMBL4190376
2018.0	CHEMBL4190390
2018.0	CHEMBL4190397
2018.0	CHEMBL4190398
2018.0	CHEMBL4190402
2018.0	CHEMBL4190406
2018.0	CHEMBL4190408
2018.0	CHEMBL4196006
2018.0	CHEMBL4196017
2018.0	CHEMBL4196019
2018.0	CHEMBL4196046
2018.0	CHEMBL4196112
2018.0	CHEMBL4196115
2018.0	CHEMBL4196123
2018.0	CHEMBL4196128
2018.0	CHEMBL4196159
2018.0	CHEMBL4196169
2018.0	CHEMBL4196172
2018.0	CHEMBL4196174
2018.0	CHEMBL4196191
2018.0	CHEMBL4196201
2018.0	CHEMBL4196213
2018.0	CHEMBL4219045
2018.0	CHEMBL4219073
2018.0	CHEMBL4219096
2018.0	CHEMBL4219124
2018.0	CHEMBL4219173
2018.0	CHEMBL4219187
2018.0	CHEMBL4219225
2018.0	CHEMBL4219241
2018.0	CHEMBL4219244
2018.0	CHEMBL4219261
2018.0	CHEMBL4219264
2018.0	CHEMBL4219269
2018.0	CHEMBL4229332
2018.0	CHEMBL4229360
2018.0	CHEMBL4229414
2018.0	CHEMBL4229447
2018.0	CHEMBL4229483
2018.0	CHEMBL4229492
2018.0	CHEMBL4229521
2018.0	CHEMBL4229528
2018.0	CHEMBL4229542
2018.0	CHEMBL4229565
2018.0	CHEMBL4229566
2018.0	CHEMBL4229569
2017.0	CHEMBL4251542
2017.0	CHEMBL4251546
2018.0	CHEMBL4251632
2018.0	CHEMBL4251643
2018.0	CHEMBL4251653
2018.0	CHEMBL4251687
2018.0	CHEMBL4251700
2018.0	CHEMBL4251746
2017.0	CHEMBL4257443
2018.0	CHEMBL4257478
2018.0	CHEMBL4257564
2018.0	CHEMBL4257570
2018.0	CHEMBL4257571
2018.0	CHEMBL4257581
2018.0	CHEMBL4257582
2018.0	CHEMBL4257587
2017.0	CHEMBL4261519
2018.0	CHEMBL4261581
2018.0	CHEMBL4261599
2018.0	CHEMBL4261603
2018.0	CHEMBL4261605
2018.0	CHEMBL4261634
2018.0	CHEMBL4261643
2018.0	CHEMBL4261653
2017.0	CHEMBL4265875
2018.0	CHEMBL4265889
2018.0	CHEMBL4265900
2018.0	CHEMBL4265954
2018.0	CHEMBL4266012
2018.0	CHEMBL4266018
2018.0	CHEMBL4266051
2018.0	CHEMBL4266056
2018.0	CHEMBL4266057
2018.0	CHEMBL4266061
2018.0	CHEMBL4270548
2018.0	CHEMBL4270600
2018.0	CHEMBL4270615
2018.0	CHEMBL4270643
2018.0	CHEMBL4270663
2018.0	CHEMBL4270669
2018.0	CHEMBL4270672
2020.0	CHEMBL4303773
2019.0	CHEMBL4304744
2019.0	CHEMBL4304746
2019.0	CHEMBL4304763
2019.0	CHEMBL4304777
2019.0	CHEMBL4304783
2019.0	CHEMBL4304832
2018.0	CHEMBL4308829
2018.0	CHEMBL4308849
2019.0	CHEMBL4308861
2019.0	CHEMBL4308884
2019.0	CHEMBL4311939
2019.0	CHEMBL4311940
2019.0	CHEMBL4311943
2019.0	CHEMBL4311945
2019.0	CHEMBL4311952
2019.0	CHEMBL4311959
2019.0	CHEMBL4311972
2019.0	CHEMBL4311986
2019.0	CHEMBL4311996
2020.0	CHEMBL4312019
2020.0	CHEMBL4312034
2019.0	CHEMBL4316588
2019.0	CHEMBL4316591
2019.0	CHEMBL4316607
2019.0	CHEMBL4321785
2019.0	CHEMBL4321786
2019.0	CHEMBL4321794
2019.0	CHEMBL4321813
2019.0	CHEMBL4321815
2019.0	CHEMBL4321836
2019.0	CHEMBL4321837
2019.0	CHEMBL4321846
2019.0	CHEMBL4321858
2020.0	CHEMBL4321876
2020.0	CHEMBL4321877
2020.0	CHEMBL4321879
2018.0	CHEMBL4325824
2019.0	CHEMBL4325910
2018.0	CHEMBL4325911
2018.0	CHEMBL4325920
2018.0	CHEMBL4325924
2019.0	CHEMBL4330081
2019.0	CHEMBL4330084
2019.0	CHEMBL4330091
2019.0	CHEMBL4330092
2019.0	CHEMBL4330097
2019.0	CHEMBL4330101
2019.0	CHEMBL4330102
2019.0	CHEMBL4330105
2019.0	CHEMBL4330121
2019.0	CHEMBL4330138
2019.0	CHEMBL4330143
2020.0	CHEMBL4334551
2020.0	CHEMBL4334552
2019.0	CHEMBL4339196
2019.0	CHEMBL4339197
2019.0	CHEMBL4339198
2019.0	CHEMBL4339202
2019.0	CHEMBL4339228
2019.0	CHEMBL4340512
2019.0	CHEMBL4340527
2019.0	CHEMBL4340534
2019.0	CHEMBL4342403
2020.0	CHEMBL4342410
2020.0	CHEMBL4342420
2020.0	CHEMBL4342468
2020.0	CHEMBL4342490
2019.0	CHEMBL4346730
2019.0	CHEMBL4346735
2019.0	CHEMBL4350955
2019.0	CHEMBL4350959
2019.0	CHEMBL4350970
2019.0	CHEMBL4351001
2019.0	CHEMBL4351002
2019.0	CHEMBL4351009
2019.0	CHEMBL4354796
2019.0	CHEMBL4354804
2019.0	CHEMBL4354805
2020.0	CHEMBL4354813
2020.0	CHEMBL4354824
2020.0	CHEMBL4354842
2020.0	CHEMBL4354855
2020.0	CHEMBL4354878
2020.0	CHEMBL4354879
2019.0	CHEMBL4359816
2019.0	CHEMBL4359817
2019.0	CHEMBL4359827
2019.0	CHEMBL4359877
2019.0	CHEMBL4359928
2019.0	CHEMBL4364254
2019.0	CHEMBL4364272
2019.0	CHEMBL4364273
2019.0	CHEMBL4364294
2019.0	CHEMBL4364295
2019.0	CHEMBL4364301
2019.0	CHEMBL4368903
2019.0	CHEMBL4368904
2019.0	CHEMBL4368909
2019.0	CHEMBL4368910
2019.0	CHEMBL4368912
2019.0	CHEMBL4368914
2019.0	CHEMBL4368940
2018.0	CHEMBL4371004
2019.0	CHEMBL4371034
2019.0	CHEMBL4371037
2019.0	CHEMBL4371041
2019.0	CHEMBL4371046
2019.0	CHEMBL4371067
2019.0	CHEMBL4371069
2019.0	CHEMBL4371072
2019.0	CHEMBL4371073
2019.0	CHEMBL4371076
2019.0	CHEMBL4371089
2019.0	CHEMBL4373675
2019.0	CHEMBL4373693
2019.0	CHEMBL4373699
2019.0	CHEMBL4373703
2019.0	CHEMBL4373707
2019.0	CHEMBL4373720
2019.0	CHEMBL4376812
2019.0	CHEMBL4376815
2019.0	CHEMBL4376816
2020.0	CHEMBL4376867
2020.0	CHEMBL4376873
2020.0	CHEMBL4376877
2020.0	CHEMBL4376885
2018.0	CHEMBL4382198
2018.0	CHEMBL4382202
2018.0	CHEMBL4382210
2019.0	CHEMBL4382221
2018.0	CHEMBL4382257
2018.0	CHEMBL4382258
2018.0	CHEMBL4382269
2019.0	CHEMBL4382284
2019.0	CHEMBL4385597
2019.0	CHEMBL4385607
2019.0	CHEMBL4385611
2019.0	CHEMBL4387706
2019.0	CHEMBL4387707
2019.0	CHEMBL4387708
2019.0	CHEMBL4387734
2019.0	CHEMBL4390640
2019.0	CHEMBL4390668
2019.0	CHEMBL4390670
2019.0	CHEMBL4390688
2019.0	CHEMBL4390691
2019.0	CHEMBL4392823
2019.0	CHEMBL4392842
2019.0	CHEMBL4393654
2019.0	CHEMBL4393662
2019.0	CHEMBL4393675
2019.0	CHEMBL4393676
2019.0	CHEMBL4393678
2019.0	CHEMBL4393699
2019.0	CHEMBL4393708
2019.0	CHEMBL4393714
2019.0	CHEMBL4393719
2019.0	CHEMBL4393722
2019.0	CHEMBL4396869
2019.0	CHEMBL4396884
2019.0	CHEMBL4396928
2019.0	CHEMBL4396962
2019.0	CHEMBL4400540
2019.0	CHEMBL4400551
2019.0	CHEMBL4400569
2020.0	CHEMBL4402523
2020.0	CHEMBL4402552
2020.0	CHEMBL4402573
2020.0	CHEMBL4402580
2020.0	CHEMBL4402585
2020.0	CHEMBL4402590
2020.0	CHEMBL4402595
2020.0	CHEMBL4402602
2020.0	CHEMBL4402609
2020.0	CHEMBL4402613
2019.0	CHEMBL4406790
2019.0	CHEMBL4406800
2019.0	CHEMBL4406807
2019.0	CHEMBL4406846
2019.0	CHEMBL4406884
2019.0	CHEMBL4406890
2019.0	CHEMBL4406913
2019.0	CHEMBL4406916
2019.0	CHEMBL4411287
2019.0	CHEMBL4411291
2019.0	CHEMBL4411307
2019.0	CHEMBL4411314
2019.0	CHEMBL4411318
2019.0	CHEMBL4411321
2019.0	CHEMBL4411331
2019.0	CHEMBL4411333
2019.0	CHEMBL4411339
2019.0	CHEMBL4414548
2019.0	CHEMBL4414574
2019.0	CHEMBL4414586
2019.0	CHEMBL4414601
2019.0	CHEMBL4414617
2018.0	CHEMBL4420080
2019.0	CHEMBL4422661
2019.0	CHEMBL4422686
2016.0	CHEMBL4425115
2016.0	CHEMBL4425120
2016.0	CHEMBL4425122
2016.0	CHEMBL4425158
2016.0	CHEMBL4425169
2016.0	CHEMBL4425174
2016.0	CHEMBL4425182
2016.0	CHEMBL4425185
2016.0	CHEMBL4428049
2016.0	CHEMBL4428053
2016.0	CHEMBL4428066
2016.0	CHEMBL4428070
2016.0	CHEMBL4428077
2016.0	CHEMBL4428080
2016.0	CHEMBL4428088
2016.0	CHEMBL4428127
2016.0	CHEMBL4428134
2016.0	CHEMBL4431312
2016.0	CHEMBL4431321
2016.0	CHEMBL4431324
2016.0	CHEMBL4431349
2016.0	CHEMBL4431376
2016.0	CHEMBL4431389
2017.0	CHEMBL4433195
2019.0	CHEMBL4433215
2019.0	CHEMBL4433251
2016.0	CHEMBL4477207
2016.0	CHEMBL4477209
2016.0	CHEMBL4477213
2016.0	CHEMBL4477219
2016.0	CHEMBL4477220
2016.0	CHEMBL4477259
2019.0	CHEMBL4480397
2019.0	CHEMBL4480405
2019.0	CHEMBL4480421
2019.0	CHEMBL4480425
2021.0	CHEMBL4507332
2020.0	CHEMBL4602617
2020.0	CHEMBL4602676
2020.0	CHEMBL4602691
2020.0	CHEMBL4602703
2020.0	CHEMBL4602704
2020.0	CHEMBL4602708
2020.0	CHEMBL4602709
2020.0	CHEMBL4602714
2020.0	CHEMBL4602715
2020.0	CHEMBL4602719
2020.0	CHEMBL4602726
2020.0	CHEMBL4602727
2020.0	CHEMBL4602729
2020.0	CHEMBL4602732
2020.0	CHEMBL4610003
2020.0	CHEMBL4610013
2020.0	CHEMBL4610040
2020.0	CHEMBL4610042
2020.0	CHEMBL4610043
2020.0	CHEMBL4610112
2020.0	CHEMBL4610117
2020.0	CHEMBL4610123
2020.0	CHEMBL4610127
2020.0	CHEMBL4610129
2020.0	CHEMBL4613215
2020.0	CHEMBL4613250
2020.0	CHEMBL4613264
2020.0	CHEMBL4613292
2020.0	CHEMBL4613299
2020.0	CHEMBL4613324
2020.0	CHEMBL4613325
2019.0	CHEMBL4616583
2020.0	CHEMBL4616608
2020.0	CHEMBL4616620
2020.0	CHEMBL4616675
2020.0	CHEMBL4616677
2020.0	CHEMBL4616703
2020.0	CHEMBL4616704
2020.0	CHEMBL4616706
2020.0	CHEMBL4616714
2020.0	CHEMBL4616724
2020.0	CHEMBL4619707
2020.0	CHEMBL4619752
2020.0	CHEMBL4619774
2020.0	CHEMBL4619796
2020.0	CHEMBL4619803
2020.0	CHEMBL4619807
2020.0	CHEMBL4619816
2020.0	CHEMBL4619817
2020.0	CHEMBL4622872
2020.0	CHEMBL4622882
2020.0	CHEMBL4622891
2020.0	CHEMBL4622895
2020.0	CHEMBL4622900
2020.0	CHEMBL4622946
2020.0	CHEMBL4622971
2020.0	CHEMBL4622974
2020.0	CHEMBL4622996
2020.0	CHEMBL4627279
2020.0	CHEMBL4627305
2020.0	CHEMBL4627393
2020.0	CHEMBL4627396
2020.0	CHEMBL4627405
2020.0	CHEMBL4627416
2021.0	CHEMBL4630907
2021.0	CHEMBL4630908
2021.0	CHEMBL4630909
2019.0	CHEMBL4665641
2019.0	CHEMBL4665650
2019.0	CHEMBL4665653
2019.0	CHEMBL4665665
2020.0	CHEMBL4665688
2020.0	CHEMBL4665701
2020.0	CHEMBL4665705
2020.0	CHEMBL4665716
2020.0	CHEMBL4665717
2020.0	CHEMBL4665730
2020.0	CHEMBL4665738
2020.0	CHEMBL4665759
2020.0	CHEMBL4665796
2020.0	CHEMBL4665798
2020.0	CHEMBL4665801
2020.0	CHEMBL4665820
2020.0	CHEMBL4665835
2020.0	CHEMBL4665837
2020.0	CHEMBL4665855
2020.0	CHEMBL4665894
2020.0	CHEMBL4665914
2020.0	CHEMBL4665917
2019.0	CHEMBL4673226
2020.0	CHEMBL4673232
2020.0	CHEMBL4673244
2020.0	CHEMBL4673245
2020.0	CHEMBL4673248
2020.0	CHEMBL4673253
2020.0	CHEMBL4673258
2020.0	CHEMBL4673260
2020.0	CHEMBL4673269
2021.0	CHEMBL4673272
2021.0	CHEMBL4673273
2021.0	CHEMBL4673287
2021.0	CHEMBL4673322
2021.0	CHEMBL4673325
2020.0	CHEMBL4673331
2021.0	CHEMBL4673338
2020.0	CHEMBL4673340
2021.0	CHEMBL4673358
2021.0	CHEMBL4673363
2021.0	CHEMBL4673373
2021.0	CHEMBL4673392
2021.0	CHEMBL4673394
2021.0	CHEMBL4673395
2021.0	CHEMBL4673401
2021.0	CHEMBL4673406
2021.0	CHEMBL4673407
2016.0	CHEMBL4680079
2016.0	CHEMBL4680083
2016.0	CHEMBL4680090
2016.0	CHEMBL4680093
2016.0	CHEMBL4680094
2018.0	CHEMBL4680107
2020.0	CHEMBL4680154
2020.0	CHEMBL4680157
2020.0	CHEMBL4680181
2020.0	CHEMBL4680205
2020.0	CHEMBL4680285
2020.0	CHEMBL4680302
2021.0	CHEMBL4680332
2021.0	CHEMBL4680358
2021.0	CHEMBL4680373
2021.0	CHEMBL4680374
2020.0	CHEMBL4699432
2020.0	CHEMBL4699433
2019.0	CHEMBL4699441
2020.0	CHEMBL4699450
2020.0	CHEMBL4699451
2020.0	CHEMBL4699452
2020.0	CHEMBL4699472
2020.0	CHEMBL4699473
2020.0	CHEMBL4699477
2020.0	CHEMBL4699485
2020.0	CHEMBL4699487
2020.0	CHEMBL4699491
2020.0	CHEMBL4699542
2020.0	CHEMBL4699558
2020.0	CHEMBL4699559
2020.0	CHEMBL4699562
2020.0	CHEMBL4699582
2020.0	CHEMBL4699583
2020.0	CHEMBL4699590
2020.0	CHEMBL4699593
2020.0	CHEMBL4699641
2020.0	CHEMBL4699648
2020.0	CHEMBL4699655
2020.0	CHEMBL4699658
2020.0	CHEMBL4699664
2020.0	CHEMBL4699665
2020.0	CHEMBL4699667
2016.0	CHEMBL4706474
2016.0	CHEMBL4706475
2018.0	CHEMBL4706478
2019.0	CHEMBL4706479
2020.0	CHEMBL4706482
2020.0	CHEMBL4706533
2020.0	CHEMBL4706541
2020.0	CHEMBL4706549
2021.0	CHEMBL4706647
2021.0	CHEMBL4706648
2021.0	CHEMBL4706651
2021.0	CHEMBL4706691
2021.0	CHEMBL4706692
2021.0	CHEMBL4706694
2021.0	CHEMBL4706729
2021.0	CHEMBL4706744
2021.0	CHEMBL4706753
2021.0	CHEMBL4706769
2016.0	CHEMBL4715698
2016.0	CHEMBL4715723
2016.0	CHEMBL4715727
2016.0	CHEMBL4715760
2016.0	CHEMBL4715789
2016.0	CHEMBL4715806
2018.0	CHEMBL4715815
2018.0	CHEMBL4715816
2018.0	CHEMBL4715821
2018.0	CHEMBL4715822
2020.0	CHEMBL4715832
2020.0	CHEMBL4715854
2020.0	CHEMBL4715870
2021.0	CHEMBL4715885
2021.0	CHEMBL4715912
2021.0	CHEMBL4715913
2021.0	CHEMBL4715925
2020.0	CHEMBL4725282
2020.0	CHEMBL4725297
2020.0	CHEMBL4725338
2020.0	CHEMBL4725355
2020.0	CHEMBL4725363
2020.0	CHEMBL4725368
2020.0	CHEMBL4725387
2020.0	CHEMBL4725394
2020.0	CHEMBL4725429
2020.0	CHEMBL4725465
2020.0	CHEMBL4725492
2020.0	CHEMBL4725494
2021.0	CHEMBL4732020
2021.0	CHEMBL4732038
2021.0	CHEMBL4732051
2021.0	CHEMBL4732078
2021.0	CHEMBL4732108
2021.0	CHEMBL4732120
2021.0	CHEMBL4732134
2021.0	CHEMBL4732141
2021.0	CHEMBL4732199
2021.0	CHEMBL4732202
2021.0	CHEMBL4732249
2021.0	CHEMBL4732263
2019.0	CHEMBL4742392
2016.0	CHEMBL4765231
2016.0	CHEMBL4765232
2016.0	CHEMBL4765233
2016.0	CHEMBL4765234
2016.0	CHEMBL4765235
2020.0	CHEMBL4765285
2020.0	CHEMBL4765307
2020.0	CHEMBL4765317
2020.0	CHEMBL4765335
2020.0	CHEMBL4765336
2020.0	CHEMBL4765416
2020.0	CHEMBL4765432
2020.0	CHEMBL4765447
2020.0	CHEMBL4765455
2020.0	CHEMBL4765462
2021.0	CHEMBL4765473
2021.0	CHEMBL4765492
2020.0	CHEMBL4806967
2021.0	CHEMBL4808161
2021.0	CHEMBL4808163
2021.0	CHEMBL4808172
2021.0	CHEMBL4808184
2021.0	CHEMBL4808209
2021.0	CHEMBL4808210
2021.0	CHEMBL4808222
2021.0	CHEMBL4808226
2021.0	CHEMBL4811232
2021.0	CHEMBL4811251
2021.0	CHEMBL4811258
2021.0	CHEMBL4811273
2021.0	CHEMBL4811281
2021.0	CHEMBL4813953
2021.0	CHEMBL4813992
2021.0	CHEMBL4813994
2021.0	CHEMBL4814016
2021.0	CHEMBL4814034
2021.0	CHEMBL4814047
2021.0	CHEMBL4814073
2021.0	CHEMBL4814074
2021.0	CHEMBL4819017
2021.0	CHEMBL4819034
2021.0	CHEMBL4819047
2021.0	CHEMBL4819052
2021.0	CHEMBL4819093
2021.0	CHEMBL4819115
2021.0	CHEMBL4823248
2021.0	CHEMBL4823254
2021.0	CHEMBL4823289
2021.0	CHEMBL4823315
2021.0	CHEMBL4823330
2021.0	CHEMBL4825668
2021.0	CHEMBL4825686
2021.0	CHEMBL4825692
2021.0	CHEMBL4825697
2021.0	CHEMBL4825708
2021.0	CHEMBL4825722
2021.0	CHEMBL4825732
2021.0	CHEMBL4825733
2021.0	CHEMBL4825755
2021.0	CHEMBL4825765
2021.0	CHEMBL4828707
2021.0	CHEMBL4828723
2021.0	CHEMBL4828724
2021.0	CHEMBL4828735
2021.0	CHEMBL4828745
2021.0	CHEMBL4828748
2021.0	CHEMBL4828767
2021.0	CHEMBL4828771
2021.0	CHEMBL4831500
2021.0	CHEMBL4831515
2021.0	CHEMBL4831524
2021.0	CHEMBL4831531
2021.0	CHEMBL4831544
2021.0	CHEMBL4831547
2021.0	CHEMBL4831556
2021.0	CHEMBL4831559
2021.0	CHEMBL4831562
2021.0	CHEMBL4834397
2021.0	CHEMBL4834404
2021.0	CHEMBL4834410
2021.0	CHEMBL4834412
2021.0	CHEMBL4834420
2021.0	CHEMBL4834430
2021.0	CHEMBL4834434
2021.0	CHEMBL4834464
2021.0	CHEMBL4834480
2021.0	CHEMBL4834481
2021.0	CHEMBL4837188
2021.0	CHEMBL4837239
2021.0	CHEMBL4837244
2021.0	CHEMBL4837245
2021.0	CHEMBL4837246
2021.0	CHEMBL4837254
2021.0	CHEMBL4837257
2021.0	CHEMBL4837261
2021.0	CHEMBL4837263
2021.0	CHEMBL4840305
2021.0	CHEMBL4840347
2021.0	CHEMBL4840354
2021.0	CHEMBL4840365
2021.0	CHEMBL4840368
2021.0	CHEMBL4840378
2021.0	CHEMBL4842341
2021.0	CHEMBL4842348
2021.0	CHEMBL4842364
2021.0	CHEMBL4842371
2021.0	CHEMBL4842381
2021.0	CHEMBL4842384
2021.0	CHEMBL4842386
2021.0	CHEMBL4842388
2021.0	CHEMBL4842390
2021.0	CHEMBL5029155
2021.0	CHEMBL5029164
2021.0	CHEMBL5029175
2021.0	CHEMBL5029189
2021.0	CHEMBL5030537
2021.0	CHEMBL5030543
2021.0	CHEMBL5030558
2021.0	CHEMBL5032496
2021.0	CHEMBL5032502
2021.0	CHEMBL5032504
2021.0	CHEMBL5032506
2021.0	CHEMBL5032513
2021.0	CHEMBL5032527
2021.0	CHEMBL5033994
2021.0	CHEMBL5033995
2021.0	CHEMBL5033997
2021.0	CHEMBL5034002
2021.0	CHEMBL5034003
2021.0	CHEMBL5034005
2021.0	CHEMBL5034007
2021.0	CHEMBL5034019
2021.0	CHEMBL5034025
2021.0	CHEMBL5034031
2021.0	CHEMBL5034035
2021.0	CHEMBL5034039
2022.0	CHEMBL5034046
2021.0	CHEMBL5036301
2021.0	CHEMBL5036310
2021.0	CHEMBL5036312
2021.0	CHEMBL5036319
2021.0	CHEMBL5036324
2021.0	CHEMBL5036336
2021.0	CHEMBL5036340
2021.0	CHEMBL5036349
2022.0	CHEMBL5036355
2022.0	CHEMBL5036375
2022.0	CHEMBL5036382
2021.0	CHEMBL5038577
2021.0	CHEMBL5038588
2021.0	CHEMBL5038592
2021.0	CHEMBL5038618
2021.0	CHEMBL5038620
2022.0	CHEMBL5038628
2022.0	CHEMBL5038633
2022.0	CHEMBL5038650
2022.0	CHEMBL5038653
2022.0	CHEMBL5038664
2022.0	CHEMBL5038674
2022.0	CHEMBL5038679
2022.0	CHEMBL5042473
2021.0	CHEMBL5042474
2022.0	CHEMBL5042480
2022.0	CHEMBL5042486
2022.0	CHEMBL5042488
2022.0	CHEMBL5042493
2022.0	CHEMBL5042500
2022.0	CHEMBL5042510
2022.0	CHEMBL5042526
2022.0	CHEMBL5042543
2022.0	CHEMBL5042556
2021.0	CHEMBL5046222
2021.0	CHEMBL5046225
2022.0	CHEMBL5046240
2022.0	CHEMBL5046241
2022.0	CHEMBL5046251
2022.0	CHEMBL5046253
2022.0	CHEMBL5046278
2022.0	CHEMBL5046279
2022.0	CHEMBL5046282
2022.0	CHEMBL5046290
2022.0	CHEMBL5046296
2022.0	CHEMBL5046307
2022.0	CHEMBL5046316
2022.0	CHEMBL5046322
2022.0	CHEMBL5046323
2020.0	CHEMBL5050846
2021.0	CHEMBL5053510
2021.0	CHEMBL5053512
2021.0	CHEMBL5053529
2021.0	CHEMBL5055616
2021.0	CHEMBL5055619
2021.0	CHEMBL5055621
2021.0	CHEMBL5055623
2021.0	CHEMBL5055640
2021.0	CHEMBL5055685
2022.0	CHEMBL5058641
2021.0	CHEMBL5096172
2021.0	CHEMBL5096186
2021.0	CHEMBL5096203
2022.0	CHEMBL5096227
2022.0	CHEMBL5096238
2022.0	CHEMBL5096242
2021.0	CHEMBL5104092
2022.0	CHEMBL5104100
2022.0	CHEMBL5104129
2022.0	CHEMBL5104135
2022.0	CHEMBL5104138
2022.0	CHEMBL5104141
2022.0	CHEMBL5104164
2022.0	CHEMBL5104197
2021.0	CHEMBL5107939
2022.0	CHEMBL5107990
2022.0	CHEMBL5108030
2022.0	CHEMBL5108053
2022.0	CHEMBL5108063
2022.0	CHEMBL5108065
2022.0	CHEMBL5108068
2022.0	CHEMBL5108074
2022.0	CHEMBL5113380
2022.0	CHEMBL5113390
2022.0	CHEMBL5113417
2022.0	CHEMBL5113423
2022.0	CHEMBL5113450
2022.0	CHEMBL5113453
2022.0	CHEMBL5113463
2022.0	CHEMBL5113480
2022.0	CHEMBL5113516
2022.0	CHEMBL5113526
2022.0	CHEMBL5113532
2022.0	CHEMBL5120772
2022.0	CHEMBL5120828
2022.0	CHEMBL5120859
2022.0	CHEMBL5120930
2022.0	CHEMBL5120943
2022.0	CHEMBL5126508
2022.0	CHEMBL5126528
2022.0	CHEMBL5126594
2022.0	CHEMBL5126603
2022.0	CHEMBL5126604
2022.0	CHEMBL5126607
2022.0	CHEMBL5126609
2022.0	CHEMBL5126622
2022.0	CHEMBL5126625
2022.0	CHEMBL5126669
2022.0	CHEMBL5126674
2021.0	CHEMBL5131397
2022.0	CHEMBL5131409
2022.0	CHEMBL5131410
2022.0	CHEMBL5131416
2022.0	CHEMBL5131436
2022.0	CHEMBL5131445
2022.0	CHEMBL5131446
2022.0	CHEMBL5131455
2022.0	CHEMBL5131469
2022.0	CHEMBL5131502
2022.0	CHEMBL5131524
2022.0	CHEMBL5131537
2022.0	CHEMBL5131562
2022.0	CHEMBL5131568
2022.0	CHEMBL5131569
2022.0	CHEMBL5131572
2022.0	CHEMBL5131575
2021.0	CHEMBL5136958
2022.0	CHEMBL5137025
2022.0	CHEMBL5137044
2022.0	CHEMBL5137069
2022.0	CHEMBL5137074
2022.0	CHEMBL5137080
2022.0	CHEMBL5137081
2022.0	CHEMBL5137093
2022.0	CHEMBL5137098
2022.0	CHEMBL5137107
2022.0	CHEMBL5143527
2022.0	CHEMBL5143540
2022.0	CHEMBL5143597
2022.0	CHEMBL5143607
2022.0	CHEMBL5143623
2022.0	CHEMBL5143655
2022.0	CHEMBL5143671
2022.0	CHEMBL5143691
2022.0	CHEMBL5143713
2022.0	CHEMBL5143714
2022.0	CHEMBL5143717
2022.0	CHEMBL5143720
2022.0	CHEMBL5143723
2022.0	CHEMBL5143725
2022.0	CHEMBL5143732
2022.0	CHEMBL5143744
2021.0	CHEMBL5149963
2021.0	CHEMBL5149979
2021.0	CHEMBL5149982
2021.0	CHEMBL5150005
2022.0	CHEMBL5150064
2022.0	CHEMBL5150075
2022.0	CHEMBL5150076
2022.0	CHEMBL5154644
2022.0	CHEMBL5154649
2022.0	CHEMBL5154659
2022.0	CHEMBL5154668
2022.0	CHEMBL5154676
2022.0	CHEMBL5154688
2022.0	CHEMBL5154690
2022.0	CHEMBL5154691
2022.0	CHEMBL5154717
2022.0	CHEMBL5154726
2022.0	CHEMBL5154753
2022.0	CHEMBL5154758
2022.0	CHEMBL5154768
2022.0	CHEMBL5154775
2022.0	CHEMBL5154787
2022.0	CHEMBL5154791
2022.0	CHEMBL5154810
2022.0	CHEMBL5154820
2022.0	CHEMBL5154826
2022.0	CHEMBL5154828
2022.0	CHEMBL5154849
2022.0	CHEMBL5154874
2022.0	CHEMBL5154881
2022.0	CHEMBL5154888
2022.0	CHEMBL5154890
2022.0	CHEMBL5154903
2022.0	CHEMBL5154906
2022.0	CHEMBL5154916
2022.0	CHEMBL5154926
2022.0	CHEMBL5154936
2022.0	CHEMBL5154938
2022.0	CHEMBL5154941
2022.0	CHEMBL5154944
2021.0	CHEMBL5214895
2021.0	CHEMBL5214898
2022.0	CHEMBL5214933
2022.0	CHEMBL5214989
2022.0	CHEMBL5214992
2022.0	CHEMBL5214995
2022.0	CHEMBL5214999
2021.0	CHEMBL5223066
2020.0	CHEMBL5223075
2021.0	CHEMBL5223081
2021.0	CHEMBL5223084
2022.0	CHEMBL5223095
2022.0	CHEMBL5223112
2022.0	CHEMBL5223122
2022.0	CHEMBL5223125
2023.0	CHEMBL5223162
2023.0	CHEMBL5223164
2023.0	CHEMBL5223170
2023.0	CHEMBL5223177
2023.0	CHEMBL5223178
2023.0	CHEMBL5223191
2021.0	CHEMBL5226325
2021.0	CHEMBL5226342
2021.0	CHEMBL5230160
2019.0	CHEMBL5233208
2020.0	CHEMBL5233240
2021.0	CHEMBL5233278
2021.0	CHEMBL5236544
2021.0	CHEMBL5236545
2022.0	CHEMBL5236575
2023.0	CHEMBL5236587
2022.0	CHEMBL5236589
2022.0	CHEMBL5236595
2022.0	CHEMBL5236608
2022.0	CHEMBL5236617
2022.0	CHEMBL5236628
2021.0	CHEMBL5241094
2021.0	CHEMBL5241108
2021.0	CHEMBL5244275
2021.0	CHEMBL5244277
2021.0	CHEMBL5244278
2019.0	CHEMBL5247577
2022.0	CHEMBL5247605
2023.0	CHEMBL5247642
2023.0	CHEMBL5247653
2023.0	CHEMBL5247677
2016.0	CHEMBL5252511
2016.0	CHEMBL5252523
2017.0	CHEMBL5252536
2017.0	CHEMBL5252542
2023.0	CHEMBL5252585
2023.0	CHEMBL5252603
2023.0	CHEMBL5252617
2023.0	CHEMBL5252622
2023.0	CHEMBL5252665
2016.0	CHEMBL5257017
2019.0	CHEMBL5257040
2023.0	CHEMBL5257053
2023.0	CHEMBL5257086
2023.0	CHEMBL5257092
2023.0	CHEMBL5257116
2023.0	CHEMBL5257122
2023.0	CHEMBL5257132
2017.0	CHEMBL5260808
2018.0	CHEMBL5260836
2019.0	CHEMBL5260838
2020.0	CHEMBL5260850
2023.0	CHEMBL5260858
2023.0	CHEMBL5291721
2023.0	CHEMBL5303765
2023.0	CHEMBL5303768
2023.0	CHEMBL5316265
2023.0	CHEMBL5316270
2023.0	CHEMBL5316274
2023.0	CHEMBL5316279
2023.0	CHEMBL5316283
2023.0	CHEMBL5316310
2023.0	CHEMBL5316312
2023.0	CHEMBL5316317
2023.0	CHEMBL5316320
2023.0	CHEMBL5316339
2023.0	CHEMBL5316345
2023.0	CHEMBL5316349
2023.0	CHEMBL5316357
2023.0	CHEMBL5316375
2023.0	CHEMBL5321226
2023.0	CHEMBL5321266
2023.0	CHEMBL5321271
2023.0	CHEMBL5321272
2023.0	CHEMBL5321285
2023.0	CHEMBL5321293
2023.0	CHEMBL5325394
2023.0	CHEMBL5325475
2023.0	CHEMBL5325482
2023.0	CHEMBL5325493
2023.0	CHEMBL5325498
2023.0	CHEMBL5325501
2023.0	CHEMBL5329195
2023.0	CHEMBL5329199
2023.0	CHEMBL5329208
2023.0	CHEMBL5329222
2023.0	CHEMBL5331066
2023.0	CHEMBL5331107
2023.0	CHEMBL5331126
2023.0	CHEMBL5331127
2023.0	CHEMBL5331128
2023.0	CHEMBL5331131
2023.0	CHEMBL5331140
2023.0	CHEMBL5331145
2023.0	CHEMBL5331147
2024.0	CHEMBL5335798
2024.0	CHEMBL5335805
2024.0	CHEMBL5335814
2024.0	CHEMBL5335849
2024.0	CHEMBL5335864
2022.0	CHEMBL5338717
2023.0	CHEMBL5338727
2023.0	CHEMBL5338759
2023.0	CHEMBL5338780
2023.0	CHEMBL5338798
2023.0	CHEMBL5338805
2023.0	CHEMBL5338813
2023.0	CHEMBL5338823
2024.0	CHEMBL5344441
2024.0	CHEMBL5344477
2022.0	CHEMBL5346862
2023.0	CHEMBL5346874
2023.0	CHEMBL5346882
2023.0	CHEMBL5346941
2023.0	CHEMBL5346946
2023.0	CHEMBL5346964
2023.0	CHEMBL5346967
2023.0	CHEMBL5346974
2022.0	CHEMBL5352387
2022.0	CHEMBL5352388
2022.0	CHEMBL5352423
2023.0	CHEMBL5352457
2023.0	CHEMBL5352488
2023.0	CHEMBL5352494
2023.0	CHEMBL5352500
2024.0	CHEMBL5356945
2024.0	CHEMBL5356956
2023.0	CHEMBL5356958
2023.0	CHEMBL5356971
2024.0	CHEMBL5357013
2024.0	CHEMBL5357068
2024.0	CHEMBL5357082
2023.0	CHEMBL5360536
2023.0	CHEMBL5360556
2023.0	CHEMBL5360611
2023.0	CHEMBL5360651
2023.0	CHEMBL5360655
2023.0	CHEMBL5360657
2023.0	CHEMBL5360658
2023.0	CHEMBL5365395
2023.0	CHEMBL5365398
2023.0	CHEMBL5365408
2023.0	CHEMBL5365423
2023.0	CHEMBL5365430
2023.0	CHEMBL5365437
2023.0	CHEMBL5365451
2023.0	CHEMBL5365467
2023.0	CHEMBL5365474
2023.0	CHEMBL5365483
2023.0	CHEMBL5365501
2023.0	CHEMBL5365534
2023.0	CHEMBL5365538
2023.0	CHEMBL5370604
2023.0	CHEMBL5370606
2023.0	CHEMBL5370626
2023.0	CHEMBL5370643
2023.0	CHEMBL5370650
2023.0	CHEMBL5370659
2023.0	CHEMBL5370671
2023.0	CHEMBL5370674
2023.0	CHEMBL5370690
2023.0	CHEMBL5370692
2023.0	CHEMBL5375952
2023.0	CHEMBL5375953
2023.0	CHEMBL5375957
2023.0	CHEMBL5375964
2023.0	CHEMBL5375967
2023.0	CHEMBL5375977
2023.0	CHEMBL5375990
2023.0	CHEMBL5375996
2024.0	CHEMBL5376027
2023.0	CHEMBL5380777
2023.0	CHEMBL5380788
2023.0	CHEMBL5380789
2023.0	CHEMBL5380790
2023.0	CHEMBL5380836
2023.0	CHEMBL5380842
2023.0	CHEMBL5380843
2023.0	CHEMBL5380852
2023.0	CHEMBL5380857
2023.0	CHEMBL5385857
2023.0	CHEMBL5385870
2023.0	CHEMBL5385878
2023.0	CHEMBL5385891
2023.0	CHEMBL5385904
2024.0	CHEMBL5385915
2023.0	CHEMBL5390222
2023.0	CHEMBL5390224
2023.0	CHEMBL5390266
2023.0	CHEMBL5390273
2023.0	CHEMBL5390300
2023.0	CHEMBL5390317
2024.0	CHEMBL5441442
2024.0	CHEMBL5442334
2024.0	CHEMBL5465560
2024.0	CHEMBL5500358
2024.0	CHEMBL5500379
2024.0	CHEMBL5500396
2024.0	CHEMBL5500428
2024.0	CHEMBL5505977
2024.0	CHEMBL5506004
2024.0	CHEMBL5506022
2024.0	CHEMBL5506023
2024.0	CHEMBL5506027
2024.0	CHEMBL5506029
2024.0	CHEMBL5506042
2024.0	CHEMBL5506050
2024.0	CHEMBL5506055
2024.0	CHEMBL5506063
2024.0	CHEMBL5506067
2024.0	CHEMBL5506068
2024.0	CHEMBL5506071
2023.0	CHEMBL5512598
2024.0	CHEMBL5512623
2024.0	CHEMBL5512648
2024.0	CHEMBL5512657
2024.0	CHEMBL5512669
2024.0	CHEMBL5512679
2024.0	CHEMBL5512681
2024.0	CHEMBL5512682
2024.0	CHEMBL5512687
2024.0	CHEMBL5512689
2024.0	CHEMBL5512694
2024.0	CHEMBL5512695
2024.0	CHEMBL5518206
2024.0	CHEMBL5518207
2024.0	CHEMBL5518210
2024.0	CHEMBL5518219
2024.0	CHEMBL5518220
2024.0	CHEMBL5518221
2024.0	CHEMBL5518223
2024.0	CHEMBL5518227
2024.0	CHEMBL5518235
2024.0	CHEMBL5518236
2024.0	CHEMBL5518245
2024.0	CHEMBL5523716
2024.0	CHEMBL5523726
2024.0	CHEMBL5523756
2024.0	CHEMBL5528010
2024.0	CHEMBL5528049
2024.0	CHEMBL5528056
2024.0	CHEMBL5528062
2024.0	CHEMBL5528065
2024.0	CHEMBL5528069
2024.0	CHEMBL5528071
2024.0	CHEMBL5528073
2024.0	CHEMBL5528074
2024.0	CHEMBL5528077
2024.0	CHEMBL5532664
2024.0	CHEMBL5532667
2024.0	CHEMBL5532672
2024.0	CHEMBL5532677
2024.0	CHEMBL5532679
2024.0	CHEMBL5532680
2024.0	CHEMBL5532737
2024.0	CHEMBL5532744
2023.0	CHEMBL5537112
2024.0	CHEMBL5537138
2024.0	CHEMBL5537140
2024.0	CHEMBL5537149
2024.0	CHEMBL5537159
2024.0	CHEMBL5537163
2024.0	CHEMBL5537164
2024.0	CHEMBL5537168
2024.0	CHEMBL5537174
2024.0	CHEMBL5543072
2024.0	CHEMBL5543085
2024.0	CHEMBL5543102
2024.0	CHEMBL5543116
2024.0	CHEMBL5543124
2024.0	CHEMBL5543125
2024.0	CHEMBL5543140
2024.0	CHEMBL5543141
2024.0	CHEMBL5543142
2024.0	CHEMBL5543144
2024.0	CHEMBL5543152
2024.0	CHEMBL5543162
2024.0	CHEMBL5543164
2024.0	CHEMBL5543171
2024.0	CHEMBL5543172
2024.0	CHEMBL5550087
2024.0	CHEMBL5550128
2024.0	CHEMBL5550159
2024.0	CHEMBL5550211
2024.0	CHEMBL5550221
2024.0	CHEMBL5576081
2024.0	CHEMBL5576108
2024.0	CHEMBL5576133
2024.0	CHEMBL5576137
2024.0	CHEMBL5576149
2024.0	CHEMBL5576159
2024.0	CHEMBL5579837
2024.0	CHEMBL5579857
2024.0	CHEMBL5579865
2024.0	CHEMBL5579877
2024.0	CHEMBL5579895
2024.0	CHEMBL5584220
2024.0	CHEMBL5584226
2024.0	CHEMBL5584237
2024.0	CHEMBL5584240
2024.0	CHEMBL5584242
2024.0	CHEMBL5584243
2024.0	CHEMBL5584250
2024.0	CHEMBL5584254
2024.0	CHEMBL5584307
2024.0	CHEMBL5584309
2024.0	CHEMBL5584339
2024.0	CHEMBL5584341
2024.0	CHEMBL5584344
2024.0	CHEMBL5584349
2024.0	CHEMBL5584356
2024.0	CHEMBL5584359
2024.0	CHEMBL5608176
2024.0	CHEMBL5608181
2024.0	CHEMBL5608187
2024.0	CHEMBL5608191
2024.0	CHEMBL5608197
2024.0	CHEMBL5608201
2024.0	CHEMBL5608206
2024.0	CHEMBL5608207
2024.0	CHEMBL5608238
2024.0	CHEMBL5608258
2024.0	CHEMBL5614414
2024.0	CHEMBL5614430
2024.0	CHEMBL5614450
2023.0	CHEMBL5620365
2023.0	CHEMBL5620381
2023.0	CHEMBL5620393
2023.0	CHEMBL5620414
2023.0	CHEMBL5625172
2023.0	CHEMBL5625176
2023.0	CHEMBL5625196
2023.0	CHEMBL5625201
2023.0	CHEMBL5625218
2023.0	CHEMBL5625224
2023.0	CHEMBL5625239
2023.0	CHEMBL5625241
2023.0	CHEMBL5625242
2024.0	CHEMBL5625263
2023.0	CHEMBL5634071
2023.0	CHEMBL5634074
2023.0	CHEMBL5634083
2023.0	CHEMBL5634110
2023.0	CHEMBL5634117
2023.0	CHEMBL5634118
2023.0	CHEMBL5634142
2023.0	CHEMBL5634145
2023.0	CHEMBL5634161
2024.0	CHEMBL5634195
2012.0	CHEMBL5653612
2012.0	CHEMBL5678807
2011.0	CHEMBL5696440
2015.0	CHEMBL5705903
2016.0	CHEMBL5725239
2016.0	CHEMBL5725271
2017.0	CHEMBL5725348
2018.0	CHEMBL5725461
2017.0	CHEMBL5725488
2017.0	CHEMBL5725535
2018.0	CHEMBL5725659
2018.0	CHEMBL5725660
2017.0	CHEMBL5725728
2017.0	CHEMBL5725789
2018.0	CHEMBL5725870
2018.0	CHEMBL5725903
2018.0	CHEMBL5726011
2017.0	CHEMBL5726048
2019.0	CHEMBL5726064
2019.0	CHEMBL5726069
2019.0	CHEMBL5726098
2019.0	CHEMBL5726143
2019.0	CHEMBL5726153
2017.0	CHEMBL5726194
2017.0	CHEMBL5726248
2017.0	CHEMBL5726255
2017.0	CHEMBL5726336
2017.0	CHEMBL5726435
2017.0	CHEMBL5726443
2019.0	CHEMBL5726609
2019.0	CHEMBL5726655
2019.0	CHEMBL5726660
2019.0	CHEMBL5726954
2018.0	CHEMBL5726960
2018.0	CHEMBL5727025
2018.0	CHEMBL5727077
2019.0	CHEMBL5727110
2019.0	CHEMBL5727226
2019.0	CHEMBL5727268
2019.0	CHEMBL5727305
2018.0	CHEMBL5727342
2019.0	CHEMBL5727343
2019.0	CHEMBL5727433
2020.0	CHEMBL5727565
2020.0	CHEMBL5727591
2020.0	CHEMBL5727612
2020.0	CHEMBL5727624
2020.0	CHEMBL5727625
2020.0	CHEMBL5727741
2020.0	CHEMBL5727804
2020.0	CHEMBL5727891
2020.0	CHEMBL5727924
2020.0	CHEMBL5727940
2020.0	CHEMBL5727959
2020.0	CHEMBL5728022
2020.0	CHEMBL5728032
2020.0	CHEMBL5728060
2020.0	CHEMBL5728113
2020.0	CHEMBL5728181
2021.0	CHEMBL5728557
2021.0	CHEMBL5728574
2021.0	CHEMBL5728734
2021.0	CHEMBL5728799
2021.0	CHEMBL5728833
2022.0	CHEMBL5728998
2022.0	CHEMBL5729055
2022.0	CHEMBL5729081
2022.0	CHEMBL5729100
2022.0	CHEMBL5729119
2022.0	CHEMBL5729383
2022.0	CHEMBL5729486
2023.0	CHEMBL5729514
2023.0	CHEMBL5729563
2023.0	CHEMBL5729596
2023.0	CHEMBL5729608
2023.0	CHEMBL5729670
2023.0	CHEMBL5729686
2023.0	CHEMBL5729688
2023.0	CHEMBL5729696
2023.0	CHEMBL5729803
